ts,src_ip,src_port,dst_ip,dst_port,proto,service,duration,src_bytes,dst_bytes,conn_state,missed_bytes,src_pkts,src_ip_bytes,dst_pkts,dst_ip_bytes,dns_query,dns_qclass,dns_qtype,dns_rcode,dns_AA,dns_RD,dns_RA,dns_rejected,ssl_version,ssl_cipher,ssl_resumed,ssl_established,ssl_subject,ssl_issuer,http_trans_depth,http_method,http_uri,http_referrer,http_version,http_request_body_len,http_response_body_len,http_status_code,http_user_agent,http_orig_mime_types,http_resp_mime_types,weird_name,weird_addl,weird_notice,label,type
1556485532,192.168.1.193,57139,192.168.1.33,8080,tcp,-,8.2e-05,0,0,REJ,0,1,48,1,40,-,0,0,0,-,-,-,-,-,-,-,-,-,-,-,-,-,-,-,0,0,0,-,-,-,-,-,-,1,backdoor
1556485532,192.168.1.193,57140,192.168.1.33,8080,tcp,-,0.011288,0,0,REJ,0,1,48,1,40,-,0,0,0,-,-,-,-,-,-,-,-,-,-,-,-,-,-,-,0,0,0,-,-,-,-,-,-,1,backdoor
1556485533,192.168.1.193,57138,192.168.1.33,80,tcp,-,0.000156,0,0,REJ,0,1,48,1,40,-,0,0,0,-,-,-,-,-,-,-,-,-,-,-,-,-,-,-,0,0,0,-,-,-,-,-,-,1,backdoor
1556485533,192.168.1.193,57140,192.168.1.33,8080,tcp,-,0.0001,0,0,REJ,0,1,48,1,40,-,0,0,0,-,-,-,-,-,-,-,-,-,-,-,-,-,-,-,0,0,0,-,-,-,-,-,-,1,backdoor
1556485533,192.168.1.193,57138,192.168.1.33,80,tcp,-,0.000126,0,0,REJ,0,1,48,1,40,-,0,0,0,-,-,-,-,-,-,-,-,-,-,-,-,-,-,-,0,0,0,-,-,-,-,-,-,1,backdoor
1556485533,192.168.1.193,57139,192.168.1.33,8080,tcp,-,0.000147,0,0,REJ,0,1,48,1,40,-,0,0,0,-,-,-,-,-,-,-,-,-,-,-,-,-,-,-,0,0,0,-,-,-,-,-,-,1,backdoor
1556485533,192.168.1.193,57139,192.168.1.33,8080,tcp,-,0.000112,0,0,REJ,0,1,48,1,40,-,0,0,0,-,-,-,-,-,-,-,-,-,-,-,-,-,-,-,0,0,0,-,-,-,-,-,-,1,backdoor
1556485533,192.168.1.193,57140,192.168.1.33,8080,tcp,-,0.000108,0,0,REJ,0,1,48,1,40,-,0,0,0,-,-,-,-,-,-,-,-,-,-,-,-,-,-,-,0,0,0,-,-,-,-,-,-,1,backdoor
1556485533,192.168.1.193,57140,192.168.1.33,8080,tcp,-,0.000109,0,0,REJ,0,1,48,1,40,-,0,0,0,-,-,-,-,-,-,-,-,-,-,-,-,-,-,-,0,0,0,-,-,-,-,-,-,1,backdoor
1556485533,192.168.1.193,57139,192.168.1.33,8080,tcp,-,0.00011,0,0,REJ,0,1,48,1,40,-,0,0,0,-,-,-,-,-,-,-,-,-,-,-,-,-,-,-,0,0,0,-,-,-,-,-,-,1,backdoor
1556485533,192.168.1.193,57138,192.168.1.33,80,tcp,-,0.000123,0,0,REJ,0,1,48,1,40,-,0,0,0,-,-,-,-,-,-,-,-,-,-,-,-,-,-,-,0,0,0,-,-,-,-,-,-,1,backdoor
1556485534,192.168.1.193,57139,192.168.1.33,8080,tcp,-,0.000125,0,0,REJ,0,1,48,1,40,-,0,0,0,-,-,-,-,-,-,-,-,-,-,-,-,-,-,-,0,0,0,-,-,-,-,-,-,1,backdoor
1556485534,192.168.1.193,57140,192.168.1.33,8080,tcp,-,0.000281,0,0,REJ,0,1,48,1,40,-,0,0,0,-,-,-,-,-,-,-,-,-,-,-,-,-,-,-,0,0,0,-,-,-,-,-,-,1,backdoor
1556485534,192.168.1.193,57138,192.168.1.33,80,tcp,-,0.000119,0,0,REJ,0,1,48,1,40,-,0,0,0,-,-,-,-,-,-,-,-,-,-,-,-,-,-,-,0,0,0,-,-,-,-,-,-,1,backdoor
1556485534,192.168.1.193,57140,192.168.1.33,8080,tcp,-,0.000184,0,0,REJ,0,1,48,1,40,-,0,0,0,-,-,-,-,-,-,-,-,-,-,-,-,-,-,-,0,0,0,-,-,-,-,-,-,1,backdoor
1556485534,192.168.1.193,57138,192.168.1.33,80,tcp,-,0.000147,0,0,REJ,0,1,48,1,40,-,0,0,0,-,-,-,-,-,-,-,-,-,-,-,-,-,-,-,0,0,0,-,-,-,-,-,-,1,backdoor
1556485534,192.168.1.193,57139,192.168.1.33,8080,tcp,-,0.000146,0,0,REJ,0,1,48,1,40,-,0,0,0,-,-,-,-,-,-,-,-,-,-,-,-,-,-,-,0,0,0,-,-,-,-,-,-,1,backdoor
1556485534,192.168.1.193,57138,192.168.1.33,80,tcp,-,0.000228,0,0,REJ,0,1,48,1,40,-,0,0,0,-,-,-,-,-,-,-,-,-,-,-,-,-,-,-,0,0,0,-,-,-,-,-,-,1,backdoor
1556485534,192.168.1.193,57139,192.168.1.33,8080,tcp,-,0.000236,0,0,REJ,0,1,48,1,40,-,0,0,0,-,-,-,-,-,-,-,-,-,-,-,-,-,-,-,0,0,0,-,-,-,-,-,-,1,backdoor
1556485534,192.168.1.193,57140,192.168.1.33,8080,tcp,-,0.00022,0,0,REJ,0,1,48,1,40,-,0,0,0,-,-,-,-,-,-,-,-,-,-,-,-,-,-,-,0,0,0,-,-,-,-,-,-,1,backdoor
1556485535,192.168.1.193,57139,192.168.1.33,8080,tcp,-,0.000127,0,0,REJ,0,1,48,1,40,-,0,0,0,-,-,-,-,-,-,-,-,-,-,-,-,-,-,-,0,0,0,-,-,-,-,-,-,1,backdoor
1556485535,192.168.1.193,57138,192.168.1.33,80,tcp,-,0.000105,0,0,REJ,0,1,48,1,40,-,0,0,0,-,-,-,-,-,-,-,-,-,-,-,-,-,-,-,0,0,0,-,-,-,-,-,-,1,backdoor
1556485535,192.168.1.193,57138,192.168.1.33,80,tcp,-,0.00015,0,0,REJ,0,1,48,1,40,-,0,0,0,-,-,-,-,-,-,-,-,-,-,-,-,-,-,-,0,0,0,-,-,-,-,-,-,1,backdoor
1556485535,192.168.1.193,57140,192.168.1.33,8080,tcp,-,0.000245,0,0,REJ,0,1,48,1,40,-,0,0,0,-,-,-,-,-,-,-,-,-,-,-,-,-,-,-,0,0,0,-,-,-,-,-,-,1,backdoor
1556485535,192.168.1.193,57140,192.168.1.33,8080,tcp,-,0.000236,0,0,REJ,0,1,48,1,40,-,0,0,0,-,-,-,-,-,-,-,-,-,-,-,-,-,-,-,0,0,0,-,-,-,-,-,-,1,backdoor
1556485535,192.168.1.193,57139,192.168.1.33,8080,tcp,-,0.000114,0,0,REJ,0,1,48,1,40,-,0,0,0,-,-,-,-,-,-,-,-,-,-,-,-,-,-,-,0,0,0,-,-,-,-,-,-,1,backdoor
1556485535,192.168.1.193,57140,192.168.1.33,8080,tcp,-,0.000219,0,0,REJ,0,1,48,1,40,-,0,0,0,-,-,-,-,-,-,-,-,-,-,-,-,-,-,-,0,0,0,-,-,-,-,-,-,1,backdoor
1556485536,192.168.1.193,57140,192.168.1.33,8080,tcp,-,7.3e-05,0,0,REJ,0,1,48,1,40,-,0,0,0,-,-,-,-,-,-,-,-,-,-,-,-,-,-,-,0,0,0,-,-,-,-,-,-,1,backdoor
1556485536,192.168.1.193,57140,192.168.1.33,8080,tcp,-,0.000166,0,0,REJ,0,1,48,1,40,-,0,0,0,-,-,-,-,-,-,-,-,-,-,-,-,-,-,-,0,0,0,-,-,-,-,-,-,1,backdoor
1556485536,192.168.1.193,57139,192.168.1.33,8080,tcp,-,8.3e-05,0,0,REJ,0,1,48,1,40,-,0,0,0,-,-,-,-,-,-,-,-,-,-,-,-,-,-,-,0,0,0,-,-,-,-,-,-,1,backdoor
1556485536,192.168.1.193,57138,192.168.1.33,80,tcp,-,0.0001,0,0,REJ,0,1,48,1,40,-,0,0,0,-,-,-,-,-,-,-,-,-,-,-,-,-,-,-,0,0,0,-,-,-,-,-,-,1,backdoor
1556485536,192.168.1.193,57138,192.168.1.33,80,tcp,-,0.000138,0,0,REJ,0,1,48,1,40,-,0,0,0,-,-,-,-,-,-,-,-,-,-,-,-,-,-,-,0,0,0,-,-,-,-,-,-,1,backdoor
1556485536,192.168.1.193,57139,192.168.1.33,8080,tcp,-,0.00013,0,0,REJ,0,1,48,1,40,-,0,0,0,-,-,-,-,-,-,-,-,-,-,-,-,-,-,-,0,0,0,-,-,-,-,-,-,1,backdoor
1556485536,192.168.1.193,57138,192.168.1.33,80,tcp,-,8.3e-05,0,0,REJ,0,1,48,1,40,-,0,0,0,-,-,-,-,-,-,-,-,-,-,-,-,-,-,-,0,0,0,-,-,-,-,-,-,1,backdoor
1556485536,192.168.1.193,57140,192.168.1.33,8080,tcp,-,9.1e-05,0,0,REJ,0,1,48,1,40,-,0,0,0,-,-,-,-,-,-,-,-,-,-,-,-,-,-,-,0,0,0,-,-,-,-,-,-,1,backdoor
1556485536,192.168.1.193,57139,192.168.1.33,8080,tcp,-,7e-05,0,0,REJ,0,1,48,1,40,-,0,0,0,-,-,-,-,-,-,-,-,-,-,-,-,-,-,-,0,0,0,-,-,-,-,-,-,1,backdoor
1556485537,192.168.1.193,57140,192.168.1.33,8080,tcp,-,9.1e-05,0,0,REJ,0,1,48,1,40,-,0,0,0,-,-,-,-,-,-,-,-,-,-,-,-,-,-,-,0,0,0,-,-,-,-,-,-,1,backdoor
1556485537,192.168.1.193,57138,192.168.1.33,80,tcp,-,0.007859,0,0,REJ,0,1,48,1,40,-,0,0,0,-,-,-,-,-,-,-,-,-,-,-,-,-,-,-,0,0,0,-,-,-,-,-,-,1,backdoor
1556485537,192.168.1.193,57140,192.168.1.33,8080,tcp,-,9.5e-05,0,0,REJ,0,1,48,1,40,-,0,0,0,-,-,-,-,-,-,-,-,-,-,-,-,-,-,-,0,0,0,-,-,-,-,-,-,1,backdoor
1556485537,192.168.1.193,57139,192.168.1.33,8080,tcp,-,0.008797,0,0,REJ,0,1,48,1,40,-,0,0,0,-,-,-,-,-,-,-,-,-,-,-,-,-,-,-,0,0,0,-,-,-,-,-,-,1,backdoor
1556485537,192.168.1.193,57139,192.168.1.33,8080,tcp,-,0.000101,0,0,REJ,0,1,48,1,40,-,0,0,0,-,-,-,-,-,-,-,-,-,-,-,-,-,-,-,0,0,0,-,-,-,-,-,-,1,backdoor
1556485537,192.168.1.193,57138,192.168.1.33,80,tcp,-,0.000109,0,0,REJ,0,1,48,1,40,-,0,0,0,-,-,-,-,-,-,-,-,-,-,-,-,-,-,-,0,0,0,-,-,-,-,-,-,1,backdoor
1556485537,192.168.1.193,57140,192.168.1.33,8080,tcp,-,9e-06,0,0,REJ,0,1,48,1,40,-,0,0,0,-,-,-,-,-,-,-,-,-,-,-,-,-,-,-,0,0,0,-,-,-,-,-,-,1,backdoor
1556485538,192.168.1.193,57140,192.168.1.33,8080,tcp,-,0.000117,0,0,REJ,0,1,48,1,40,-,0,0,0,-,-,-,-,-,-,-,-,-,-,-,-,-,-,-,0,0,0,-,-,-,-,-,-,1,backdoor
1556485538,192.168.1.193,57140,192.168.1.33,8080,tcp,-,0.000199,0,0,REJ,0,1,48,1,40,-,0,0,0,-,-,-,-,-,-,-,-,-,-,-,-,-,-,-,0,0,0,-,-,-,-,-,-,1,backdoor
1556485538,192.168.1.193,57140,192.168.1.33,8080,tcp,-,0.000108,0,0,REJ,0,1,48,1,40,-,0,0,0,-,-,-,-,-,-,-,-,-,-,-,-,-,-,-,0,0,0,-,-,-,-,-,-,1,backdoor
1556485539,192.168.1.193,57140,192.168.1.33,8080,tcp,-,0.000197,0,0,REJ,0,1,48,1,40,-,0,0,0,-,-,-,-,-,-,-,-,-,-,-,-,-,-,-,0,0,0,-,-,-,-,-,-,1,backdoor
1556485539,192.168.1.193,57140,192.168.1.33,8080,tcp,-,0.000124,0,0,REJ,0,1,48,1,40,-,0,0,0,-,-,-,-,-,-,-,-,-,-,-,-,-,-,-,0,0,0,-,-,-,-,-,-,1,backdoor
1556485539,192.168.1.193,57140,192.168.1.33,8080,tcp,-,0.000193,0,0,REJ,0,1,48,1,40,-,0,0,0,-,-,-,-,-,-,-,-,-,-,-,-,-,-,-,0,0,0,-,-,-,-,-,-,1,backdoor
1556485540,192.168.1.193,57140,192.168.1.33,8080,tcp,-,0.000144,0,0,REJ,0,1,48,1,40,-,0,0,0,-,-,-,-,-,-,-,-,-,-,-,-,-,-,-,0,0,0,-,-,-,-,-,-,1,backdoor
1556485540,192.168.1.193,57140,192.168.1.33,8080,tcp,-,0.000101,0,0,REJ,0,1,48,1,40,-,0,0,0,-,-,-,-,-,-,-,-,-,-,-,-,-,-,-,0,0,0,-,-,-,-,-,-,1,backdoor
1556485540,192.168.1.193,57141,192.168.1.33,8080,tcp,-,0.000107,0,0,REJ,0,1,48,1,40,-,0,0,0,-,-,-,-,-,-,-,-,-,-,-,-,-,-,-,0,0,0,-,-,-,-,-,-,1,backdoor
1556485540,192.168.1.193,57140,192.168.1.33,8080,tcp,-,8.4e-05,0,0,REJ,0,1,48,1,40,-,0,0,0,-,-,-,-,-,-,-,-,-,-,-,-,-,-,-,0,0,0,-,-,-,-,-,-,1,backdoor
1556485540,192.168.1.193,57142,192.168.1.33,80,tcp,-,0.000101,0,0,REJ,0,1,48,1,40,-,0,0,0,-,-,-,-,-,-,-,-,-,-,-,-,-,-,-,0,0,0,-,-,-,-,-,-,1,backdoor
1556485541,192.168.1.193,57140,192.168.1.33,8080,tcp,-,2.4e-05,0,0,REJ,0,1,48,1,40,-,0,0,0,-,-,-,-,-,-,-,-,-,-,-,-,-,-,-,0,0,0,-,-,-,-,-,-,1,backdoor
1556485541,192.168.1.193,57142,192.168.1.33,80,tcp,-,0.000119,0,0,REJ,0,1,48,1,40,-,0,0,0,-,-,-,-,-,-,-,-,-,-,-,-,-,-,-,0,0,0,-,-,-,-,-,-,1,backdoor
1556485541,192.168.1.193,57142,192.168.1.33,80,tcp,-,0.000119,0,0,REJ,0,1,48,1,40,-,0,0,0,-,-,-,-,-,-,-,-,-,-,-,-,-,-,-,0,0,0,-,-,-,-,-,-,1,backdoor
1556485541,192.168.1.193,57141,192.168.1.33,8080,tcp,-,8.7e-05,0,0,REJ,0,1,48,1,40,-,0,0,0,-,-,-,-,-,-,-,-,-,-,-,-,-,-,-,0,0,0,-,-,-,-,-,-,1,backdoor
1556485541,192.168.1.193,57142,192.168.1.33,80,tcp,-,8.4e-05,0,0,REJ,0,1,48,1,40,-,0,0,0,-,-,-,-,-,-,-,-,-,-,-,-,-,-,-,0,0,0,-,-,-,-,-,-,1,backdoor
1556485541,192.168.1.193,57141,192.168.1.33,8080,tcp,-,0.000105,0,0,REJ,0,1,48,1,40,-,0,0,0,-,-,-,-,-,-,-,-,-,-,-,-,-,-,-,0,0,0,-,-,-,-,-,-,1,backdoor
1556485541,192.168.1.193,57141,192.168.1.33,8080,tcp,-,0.00013,0,0,REJ,0,1,48,1,40,-,0,0,0,-,-,-,-,-,-,-,-,-,-,-,-,-,-,-,0,0,0,-,-,-,-,-,-,1,backdoor
1556485541,192.168.1.193,57140,192.168.1.33,8080,tcp,-,0.011353,0,0,REJ,0,1,48,1,40,-,0,0,0,-,-,-,-,-,-,-,-,-,-,-,-,-,-,-,0,0,0,-,-,-,-,-,-,1,backdoor
1556485541,192.168.1.193,57140,192.168.1.33,8080,tcp,-,0.000176,0,0,REJ,0,1,48,1,40,-,0,0,0,-,-,-,-,-,-,-,-,-,-,-,-,-,-,-,0,0,0,-,-,-,-,-,-,1,backdoor
1556485542,192.168.1.193,57141,192.168.1.33,8080,tcp,-,0.000196,0,0,REJ,0,1,48,1,40,-,0,0,0,-,-,-,-,-,-,-,-,-,-,-,-,-,-,-,0,0,0,-,-,-,-,-,-,1,backdoor
1556485542,192.168.1.193,57142,192.168.1.33,80,tcp,-,0.000246,0,0,REJ,0,1,48,1,40,-,0,0,0,-,-,-,-,-,-,-,-,-,-,-,-,-,-,-,0,0,0,-,-,-,-,-,-,1,backdoor
1556485542,192.168.1.193,57141,192.168.1.33,8080,tcp,-,0.000117,0,0,REJ,0,1,48,1,40,-,0,0,0,-,-,-,-,-,-,-,-,-,-,-,-,-,-,-,0,0,0,-,-,-,-,-,-,1,backdoor
1556485542,192.168.1.193,57140,192.168.1.33,8080,tcp,-,0.000128,0,0,REJ,0,1,48,1,40,-,0,0,0,-,-,-,-,-,-,-,-,-,-,-,-,-,-,-,0,0,0,-,-,-,-,-,-,1,backdoor
1556485542,192.168.1.193,57141,192.168.1.33,8080,tcp,-,0.000241,0,0,REJ,0,1,48,1,40,-,0,0,0,-,-,-,-,-,-,-,-,-,-,-,-,-,-,-,0,0,0,-,-,-,-,-,-,1,backdoor
1556485542,192.168.1.193,57142,192.168.1.33,80,tcp,-,0.000125,0,0,REJ,0,1,48,1,40,-,0,0,0,-,-,-,-,-,-,-,-,-,-,-,-,-,-,-,0,0,0,-,-,-,-,-,-,1,backdoor
1556485542,192.168.1.193,57142,192.168.1.33,80,tcp,-,0.000171,0,0,REJ,0,1,48,1,40,-,0,0,0,-,-,-,-,-,-,-,-,-,-,-,-,-,-,-,0,0,0,-,-,-,-,-,-,1,backdoor
1556485543,192.168.1.193,57141,192.168.1.33,8080,tcp,-,0.000221,0,0,REJ,0,1,48,1,40,-,0,0,0,-,-,-,-,-,-,-,-,-,-,-,-,-,-,-,0,0,0,-,-,-,-,-,-,1,backdoor
1556485543,192.168.1.193,57142,192.168.1.33,80,tcp,-,0.000195,0,0,REJ,0,1,48,1,40,-,0,0,0,-,-,-,-,-,-,-,-,-,-,-,-,-,-,-,0,0,0,-,-,-,-,-,-,1,backdoor
1556485543,192.168.1.193,57142,192.168.1.33,80,tcp,-,0.000241,0,0,REJ,0,1,48,1,40,-,0,0,0,-,-,-,-,-,-,-,-,-,-,-,-,-,-,-,0,0,0,-,-,-,-,-,-,1,backdoor
1556485543,192.168.1.193,57142,192.168.1.33,80,tcp,-,0.000136,0,0,REJ,0,1,48,1,40,-,0,0,0,-,-,-,-,-,-,-,-,-,-,-,-,-,-,-,0,0,0,-,-,-,-,-,-,1,backdoor
1556485543,192.168.1.193,57141,192.168.1.33,8080,tcp,-,0.00015,0,0,REJ,0,1,48,1,40,-,0,0,0,-,-,-,-,-,-,-,-,-,-,-,-,-,-,-,0,0,0,-,-,-,-,-,-,1,backdoor
1556485543,192.168.1.193,57141,192.168.1.33,8080,tcp,-,0.000206,0,0,REJ,0,1,48,1,40,-,0,0,0,-,-,-,-,-,-,-,-,-,-,-,-,-,-,-,0,0,0,-,-,-,-,-,-,1,backdoor
1556485544,192.168.1.193,57142,192.168.1.33,80,tcp,-,6.8e-05,0,0,REJ,0,1,48,1,40,-,0,0,0,-,-,-,-,-,-,-,-,-,-,-,-,-,-,-,0,0,0,-,-,-,-,-,-,1,backdoor
1556485544,192.168.1.193,57141,192.168.1.33,8080,tcp,-,0.00013,0,0,REJ,0,1,48,1,40,-,0,0,0,-,-,-,-,-,-,-,-,-,-,-,-,-,-,-,0,0,0,-,-,-,-,-,-,1,backdoor
1556485544,192.168.1.193,57142,192.168.1.33,80,tcp,-,0.000124,0,0,REJ,0,1,48,1,40,-,0,0,0,-,-,-,-,-,-,-,-,-,-,-,-,-,-,-,0,0,0,-,-,-,-,-,-,1,backdoor
1556485544,192.168.1.193,57141,192.168.1.33,8080,tcp,-,6.9e-05,0,0,REJ,0,1,48,1,40,-,0,0,0,-,-,-,-,-,-,-,-,-,-,-,-,-,-,-,0,0,0,-,-,-,-,-,-,1,backdoor
1556485544,192.168.1.193,57142,192.168.1.33,80,tcp,-,0.000112,0,0,REJ,0,1,48,1,40,-,0,0,0,-,-,-,-,-,-,-,-,-,-,-,-,-,-,-,0,0,0,-,-,-,-,-,-,1,backdoor
1556485544,192.168.1.193,57141,192.168.1.33,8080,tcp,-,9.6e-05,0,0,REJ,0,1,48,1,40,-,0,0,0,-,-,-,-,-,-,-,-,-,-,-,-,-,-,-,0,0,0,-,-,-,-,-,-,1,backdoor
1556485545,192.168.1.193,57142,192.168.1.33,80,tcp,-,0.000145,0,0,REJ,0,1,48,1,40,-,0,0,0,-,-,-,-,-,-,-,-,-,-,-,-,-,-,-,0,0,0,-,-,-,-,-,-,1,backdoor
1556485545,192.168.1.193,57142,192.168.1.33,80,tcp,-,0.000114,0,0,REJ,0,1,48,1,40,-,0,0,0,-,-,-,-,-,-,-,-,-,-,-,-,-,-,-,0,0,0,-,-,-,-,-,-,1,backdoor
1556485545,192.168.1.193,57141,192.168.1.33,8080,tcp,-,0.00013,0,0,REJ,0,1,48,1,40,-,0,0,0,-,-,-,-,-,-,-,-,-,-,-,-,-,-,-,0,0,0,-,-,-,-,-,-,1,backdoor
1556485545,192.168.1.193,57141,192.168.1.33,8080,tcp,-,1.5e-05,0,0,REJ,0,1,48,1,40,-,0,0,0,-,-,-,-,-,-,-,-,-,-,-,-,-,-,-,0,0,0,-,-,-,-,-,-,1,backdoor
1556485545,192.168.1.193,57141,192.168.1.33,8080,tcp,-,0.000103,0,0,REJ,0,1,48,1,40,-,0,0,0,-,-,-,-,-,-,-,-,-,-,-,-,-,-,-,0,0,0,-,-,-,-,-,-,1,backdoor
1556485545,192.168.1.193,57142,192.168.1.33,80,tcp,-,9.2e-05,0,0,REJ,0,1,48,1,40,-,0,0,0,-,-,-,-,-,-,-,-,-,-,-,-,-,-,-,0,0,0,-,-,-,-,-,-,1,backdoor
1556485546,192.168.1.193,57142,192.168.1.33,80,tcp,-,0.000152,0,0,REJ,0,1,48,1,40,-,0,0,0,-,-,-,-,-,-,-,-,-,-,-,-,-,-,-,0,0,0,-,-,-,-,-,-,1,backdoor
1556485546,192.168.1.193,57143,192.168.1.33,8080,tcp,-,0.000144,0,0,REJ,0,1,48,1,40,-,0,0,0,-,-,-,-,-,-,-,-,-,-,-,-,-,-,-,0,0,0,-,-,-,-,-,-,1,backdoor
1556485546,192.168.1.193,57141,192.168.1.33,8080,tcp,-,0.000246,0,0,REJ,0,1,48,1,40,-,0,0,0,-,-,-,-,-,-,-,-,-,-,-,-,-,-,-,0,0,0,-,-,-,-,-,-,1,backdoor
1556485546,192.168.1.193,57142,192.168.1.33,80,tcp,-,0.000164,0,0,REJ,0,1,48,1,40,-,0,0,0,-,-,-,-,-,-,-,-,-,-,-,-,-,-,-,0,0,0,-,-,-,-,-,-,1,backdoor
1556485546,192.168.1.193,57142,192.168.1.33,80,tcp,-,0.0001,0,0,REJ,0,1,48,1,40,-,0,0,0,-,-,-,-,-,-,-,-,-,-,-,-,-,-,-,0,0,0,-,-,-,-,-,-,1,backdoor
1556485546,192.168.1.193,57141,192.168.1.33,8080,tcp,-,0.00011,0,0,REJ,0,1,48,1,40,-,0,0,0,-,-,-,-,-,-,-,-,-,-,-,-,-,-,-,0,0,0,-,-,-,-,-,-,1,backdoor
1556485546,192.168.1.193,57143,192.168.1.33,8080,tcp,-,9.2e-05,0,0,REJ,0,1,48,1,40,-,0,0,0,-,-,-,-,-,-,-,-,-,-,-,-,-,-,-,0,0,0,-,-,-,-,-,-,1,backdoor
1556485546,192.168.1.193,57141,192.168.1.33,8080,tcp,-,7e-05,0,0,REJ,0,1,48,1,40,-,0,0,0,-,-,-,-,-,-,-,-,-,-,-,-,-,-,-,0,0,0,-,-,-,-,-,-,1,backdoor
1556485547,192.168.1.193,57143,192.168.1.33,8080,tcp,-,0.000128,0,0,REJ,0,1,48,1,40,-,0,0,0,-,-,-,-,-,-,-,-,-,-,-,-,-,-,-,0,0,0,-,-,-,-,-,-,1,backdoor
1556485547,192.168.1.193,57143,192.168.1.33,8080,tcp,-,0.000141,0,0,REJ,0,1,48,1,40,-,0,0,0,-,-,-,-,-,-,-,-,-,-,-,-,-,-,-,0,0,0,-,-,-,-,-,-,1,backdoor
1556485547,192.168.1.193,57142,192.168.1.33,80,tcp,-,0.000106,0,0,REJ,0,1,48,1,40,-,0,0,0,-,-,-,-,-,-,-,-,-,-,-,-,-,-,-,0,0,0,-,-,-,-,-,-,1,backdoor
1556485547,192.168.1.193,57141,192.168.1.33,8080,tcp,-,0.000144,0,0,REJ,0,1,48,1,40,-,0,0,0,-,-,-,-,-,-,-,-,-,-,-,-,-,-,-,0,0,0,-,-,-,-,-,-,1,backdoor
1556485547,192.168.1.193,57143,192.168.1.33,8080,tcp,-,0.000298,0,0,REJ,0,1,48,1,40,-,0,0,0,-,-,-,-,-,-,-,-,-,-,-,-,-,-,-,0,0,0,-,-,-,-,-,-,1,backdoor
1556485547,192.168.1.193,57141,192.168.1.33,8080,tcp,-,0.0001,0,0,REJ,0,1,48,1,40,-,0,0,0,-,-,-,-,-,-,-,-,-,-,-,-,-,-,-,0,0,0,-,-,-,-,-,-,1,backdoor
1556485547,192.168.1.193,57142,192.168.1.33,80,tcp,-,8.8e-05,0,0,REJ,0,1,48,1,40,-,0,0,0,-,-,-,-,-,-,-,-,-,-,-,-,-,-,-,0,0,0,-,-,-,-,-,-,1,backdoor
1556485547,192.168.1.193,57142,192.168.1.33,80,tcp,-,1.8e-05,0,0,REJ,0,1,48,1,40,-,0,0,0,-,-,-,-,-,-,-,-,-,-,-,-,-,-,-,0,0,0,-,-,-,-,-,-,1,backdoor
1556485547,192.168.1.193,57141,192.168.1.33,8080,tcp,-,0.000174,0,0,REJ,0,1,48,1,40,-,0,0,0,-,-,-,-,-,-,-,-,-,-,-,-,-,-,-,0,0,0,-,-,-,-,-,-,1,backdoor
1556485548,192.168.1.193,57143,192.168.1.33,8080,tcp,-,9.3e-05,0,0,REJ,0,1,48,1,40,-,0,0,0,-,-,-,-,-,-,-,-,-,-,-,-,-,-,-,0,0,0,-,-,-,-,-,-,1,backdoor
1556485548,192.168.1.193,57141,192.168.1.33,8080,tcp,-,9e-05,0,0,REJ,0,1,48,1,40,-,0,0,0,-,-,-,-,-,-,-,-,-,-,-,-,-,-,-,0,0,0,-,-,-,-,-,-,1,backdoor
1556485548,192.168.1.193,57141,192.168.1.33,8080,tcp,-,8.5e-05,0,0,REJ,0,1,48,1,40,-,0,0,0,-,-,-,-,-,-,-,-,-,-,-,-,-,-,-,0,0,0,-,-,-,-,-,-,1,backdoor
1556485548,192.168.1.193,57142,192.168.1.33,80,tcp,-,7e-05,0,0,REJ,0,1,48,1,40,-,0,0,0,-,-,-,-,-,-,-,-,-,-,-,-,-,-,-,0,0,0,-,-,-,-,-,-,1,backdoor
1556485548,192.168.1.193,57142,192.168.1.33,80,tcp,-,0.000138,0,0,REJ,0,1,48,1,40,-,0,0,0,-,-,-,-,-,-,-,-,-,-,-,-,-,-,-,0,0,0,-,-,-,-,-,-,1,backdoor
1556485548,192.168.1.193,57143,192.168.1.33,8080,tcp,-,0.000121,0,0,REJ,0,1,48,1,40,-,0,0,0,-,-,-,-,-,-,-,-,-,-,-,-,-,-,-,0,0,0,-,-,-,-,-,-,1,backdoor
1556485548,192.168.1.193,57141,192.168.1.33,8080,tcp,-,0.000105,0,0,REJ,0,1,48,1,40,-,0,0,0,-,-,-,-,-,-,-,-,-,-,-,-,-,-,-,0,0,0,-,-,-,-,-,-,1,backdoor
1556485548,192.168.1.193,57142,192.168.1.33,80,tcp,-,0.0001,0,0,REJ,0,1,48,1,40,-,0,0,0,-,-,-,-,-,-,-,-,-,-,-,-,-,-,-,0,0,0,-,-,-,-,-,-,1,backdoor
1556485549,192.168.1.193,57142,192.168.1.33,80,tcp,-,0.000404,0,0,REJ,0,1,48,1,40,-,0,0,0,-,-,-,-,-,-,-,-,-,-,-,-,-,-,-,0,0,0,-,-,-,-,-,-,1,backdoor
1556485549,192.168.1.193,57143,192.168.1.33,8080,tcp,-,2.3e-05,0,0,REJ,0,1,48,1,40,-,0,0,0,-,-,-,-,-,-,-,-,-,-,-,-,-,-,-,0,0,0,-,-,-,-,-,-,1,backdoor
1556485549,192.168.1.193,57142,192.168.1.33,80,tcp,-,0.000138,0,0,REJ,0,1,48,1,40,-,0,0,0,-,-,-,-,-,-,-,-,-,-,-,-,-,-,-,0,0,0,-,-,-,-,-,-,1,backdoor
1556485549,192.168.1.193,57141,192.168.1.33,8080,tcp,-,0.000116,0,0,REJ,0,1,48,1,40,-,0,0,0,-,-,-,-,-,-,-,-,-,-,-,-,-,-,-,0,0,0,-,-,-,-,-,-,1,backdoor
1556485549,192.168.1.193,57143,192.168.1.33,8080,tcp,-,0.000153,0,0,REJ,0,1,48,1,40,-,0,0,0,-,-,-,-,-,-,-,-,-,-,-,-,-,-,-,0,0,0,-,-,-,-,-,-,1,backdoor
1556485549,192.168.1.193,57141,192.168.1.33,8080,tcp,-,0.000117,0,0,REJ,0,1,48,1,40,-,0,0,0,-,-,-,-,-,-,-,-,-,-,-,-,-,-,-,0,0,0,-,-,-,-,-,-,1,backdoor
1556485549,192.168.1.193,57143,192.168.1.33,8080,tcp,-,0.000128,0,0,REJ,0,1,48,1,40,-,0,0,0,-,-,-,-,-,-,-,-,-,-,-,-,-,-,-,0,0,0,-,-,-,-,-,-,1,backdoor
1556485549,192.168.1.193,57141,192.168.1.33,8080,tcp,-,0.000145,0,0,REJ,0,1,48,1,40,-,0,0,0,-,-,-,-,-,-,-,-,-,-,-,-,-,-,-,0,0,0,-,-,-,-,-,-,1,backdoor
1556485549,192.168.1.193,57142,192.168.1.33,80,tcp,-,0.000111,0,0,REJ,0,1,48,1,40,-,0,0,0,-,-,-,-,-,-,-,-,-,-,-,-,-,-,-,0,0,0,-,-,-,-,-,-,1,backdoor
1556485550,192.168.1.193,57141,192.168.1.33,8080,tcp,-,0.000194,0,0,REJ,0,1,48,1,40,-,0,0,0,-,-,-,-,-,-,-,-,-,-,-,-,-,-,-,0,0,0,-,-,-,-,-,-,1,backdoor
1556485550,192.168.1.193,57143,192.168.1.33,8080,tcp,-,9.4e-05,0,0,REJ,0,1,48,1,40,-,0,0,0,-,-,-,-,-,-,-,-,-,-,-,-,-,-,-,0,0,0,-,-,-,-,-,-,1,backdoor
1556485550,192.168.1.193,57141,192.168.1.33,8080,tcp,-,0.000182,0,0,REJ,0,1,48,1,40,-,0,0,0,-,-,-,-,-,-,-,-,-,-,-,-,-,-,-,0,0,0,-,-,-,-,-,-,1,backdoor
1556485550,192.168.1.193,57143,192.168.1.33,8080,tcp,-,0.000101,0,0,REJ,0,1,48,1,40,-,0,0,0,-,-,-,-,-,-,-,-,-,-,-,-,-,-,-,0,0,0,-,-,-,-,-,-,1,backdoor
1556485550,192.168.1.193,57142,192.168.1.33,80,tcp,-,0.000118,0,0,REJ,0,1,48,1,40,-,0,0,0,-,-,-,-,-,-,-,-,-,-,-,-,-,-,-,0,0,0,-,-,-,-,-,-,1,backdoor
1556485550,192.168.1.193,57143,192.168.1.33,8080,tcp,-,0.000112,0,0,REJ,0,1,48,1,40,-,0,0,0,-,-,-,-,-,-,-,-,-,-,-,-,-,-,-,0,0,0,-,-,-,-,-,-,1,backdoor
1556485550,192.168.1.193,57142,192.168.1.33,80,tcp,-,0.000197,0,0,REJ,0,1,48,1,40,-,0,0,0,-,-,-,-,-,-,-,-,-,-,-,-,-,-,-,0,0,0,-,-,-,-,-,-,1,backdoor
1556485551,192.168.1.193,57143,192.168.1.33,8080,tcp,-,8.3e-05,0,0,REJ,0,1,48,1,40,-,0,0,0,-,-,-,-,-,-,-,-,-,-,-,-,-,-,-,0,0,0,-,-,-,-,-,-,1,backdoor
1556485551,192.168.1.193,57143,192.168.1.33,8080,tcp,-,0.000162,0,0,REJ,0,1,48,1,40,-,0,0,0,-,-,-,-,-,-,-,-,-,-,-,-,-,-,-,0,0,0,-,-,-,-,-,-,1,backdoor
1556485551,192.168.1.193,57143,192.168.1.33,8080,tcp,-,0.0001,0,0,REJ,0,1,48,1,40,-,0,0,0,-,-,-,-,-,-,-,-,-,-,-,-,-,-,-,0,0,0,-,-,-,-,-,-,1,backdoor
1556485552,192.168.1.193,57143,192.168.1.33,8080,tcp,-,0.000127,0,0,REJ,0,1,48,1,40,-,0,0,0,-,-,-,-,-,-,-,-,-,-,-,-,-,-,-,0,0,0,-,-,-,-,-,-,1,backdoor
1556485552,192.168.1.193,57143,192.168.1.33,8080,tcp,-,9.9e-05,0,0,REJ,0,1,48,1,40,-,0,0,0,-,-,-,-,-,-,-,-,-,-,-,-,-,-,-,0,0,0,-,-,-,-,-,-,1,backdoor
1556485552,192.168.1.193,57143,192.168.1.33,8080,tcp,-,0.000136,0,0,REJ,0,1,48,1,40,-,0,0,0,-,-,-,-,-,-,-,-,-,-,-,-,-,-,-,0,0,0,-,-,-,-,-,-,1,backdoor
1556485553,192.168.1.193,57143,192.168.1.33,8080,tcp,-,8.5e-05,0,0,REJ,0,1,48,1,40,-,0,0,0,-,-,-,-,-,-,-,-,-,-,-,-,-,-,-,0,0,0,-,-,-,-,-,-,1,backdoor
1556485553,192.168.1.193,57145,192.168.1.33,80,tcp,-,0.000116,0,0,REJ,0,1,48,1,40,-,0,0,0,-,-,-,-,-,-,-,-,-,-,-,-,-,-,-,0,0,0,-,-,-,-,-,-,1,backdoor
1556485553,192.168.1.193,57144,192.168.1.33,8080,tcp,-,0.000151,0,0,REJ,0,1,48,1,40,-,0,0,0,-,-,-,-,-,-,-,-,-,-,-,-,-,-,-,0,0,0,-,-,-,-,-,-,1,backdoor
1556485553,192.168.1.193,57143,192.168.1.33,8080,tcp,-,0.000135,0,0,REJ,0,1,48,1,40,-,0,0,0,-,-,-,-,-,-,-,-,-,-,-,-,-,-,-,0,0,0,-,-,-,-,-,-,1,backdoor
1556485553,192.168.1.193,57143,192.168.1.33,8080,tcp,-,8e-05,0,0,REJ,0,1,48,1,40,-,0,0,0,-,-,-,-,-,-,-,-,-,-,-,-,-,-,-,0,0,0,-,-,-,-,-,-,1,backdoor
1556485554,192.168.1.193,57143,192.168.1.33,8080,tcp,-,0.000102,0,0,REJ,0,1,48,1,40,-,0,0,0,-,-,-,-,-,-,-,-,-,-,-,-,-,-,-,0,0,0,-,-,-,-,-,-,1,backdoor
1556485554,192.168.1.193,57143,192.168.1.33,8080,tcp,-,0.000291,0,0,REJ,0,1,48,1,40,-,0,0,0,-,-,-,-,-,-,-,-,-,-,-,-,-,-,-,0,0,0,-,-,-,-,-,-,1,backdoor
1556485554,192.168.1.193,57145,192.168.1.33,80,tcp,-,0.000108,0,0,REJ,0,1,48,1,40,-,0,0,0,-,-,-,-,-,-,-,-,-,-,-,-,-,-,-,0,0,0,-,-,-,-,-,-,1,backdoor
1556485554,192.168.1.193,57143,192.168.1.33,8080,tcp,-,0.000228,0,0,REJ,0,1,48,1,40,-,0,0,0,-,-,-,-,-,-,-,-,-,-,-,-,-,-,-,0,0,0,-,-,-,-,-,-,1,backdoor
1556485554,192.168.1.193,57145,192.168.1.33,80,tcp,-,9.5e-05,0,0,REJ,0,1,48,1,40,-,0,0,0,-,-,-,-,-,-,-,-,-,-,-,-,-,-,-,0,0,0,-,-,-,-,-,-,1,backdoor
1556485554,192.168.1.193,57144,192.168.1.33,8080,tcp,-,8.4e-05,0,0,REJ,0,1,48,1,40,-,0,0,0,-,-,-,-,-,-,-,-,-,-,-,-,-,-,-,0,0,0,-,-,-,-,-,-,1,backdoor
1556485554,192.168.1.193,57145,192.168.1.33,80,tcp,-,7e-05,0,0,REJ,0,1,48,1,40,-,0,0,0,-,-,-,-,-,-,-,-,-,-,-,-,-,-,-,0,0,0,-,-,-,-,-,-,1,backdoor
1556485554,192.168.1.193,57144,192.168.1.33,8080,tcp,-,0.000111,0,0,REJ,0,1,48,1,40,-,0,0,0,-,-,-,-,-,-,-,-,-,-,-,-,-,-,-,0,0,0,-,-,-,-,-,-,1,backdoor
1556485554,192.168.1.193,57144,192.168.1.33,8080,tcp,-,0.000228,0,0,REJ,0,1,48,1,40,-,0,0,0,-,-,-,-,-,-,-,-,-,-,-,-,-,-,-,0,0,0,-,-,-,-,-,-,1,backdoor
1556485555,192.168.1.193,57143,192.168.1.33,8080,tcp,-,0.000113,0,0,REJ,0,1,48,1,40,-,0,0,0,-,-,-,-,-,-,-,-,-,-,-,-,-,-,-,0,0,0,-,-,-,-,-,-,1,backdoor
1556485555,192.168.1.193,57144,192.168.1.33,8080,tcp,-,6.2e-05,0,0,REJ,0,1,48,1,40,-,0,0,0,-,-,-,-,-,-,-,-,-,-,-,-,-,-,-,0,0,0,-,-,-,-,-,-,1,backdoor
1556485555,192.168.1.193,57145,192.168.1.33,80,tcp,-,0.000298,0,0,REJ,0,1,48,1,40,-,0,0,0,-,-,-,-,-,-,-,-,-,-,-,-,-,-,-,0,0,0,-,-,-,-,-,-,1,backdoor
1556485555,192.168.1.193,57143,192.168.1.33,8080,tcp,-,7.6e-05,0,0,REJ,0,1,48,1,40,-,0,0,0,-,-,-,-,-,-,-,-,-,-,-,-,-,-,-,0,0,0,-,-,-,-,-,-,1,backdoor
1556485555,192.168.1.193,57145,192.168.1.33,80,tcp,-,7.7e-05,0,0,REJ,0,1,48,1,40,-,0,0,0,-,-,-,-,-,-,-,-,-,-,-,-,-,-,-,0,0,0,-,-,-,-,-,-,1,backdoor
1556485555,192.168.1.193,57144,192.168.1.33,8080,tcp,-,0.000134,0,0,REJ,0,1,48,1,40,-,0,0,0,-,-,-,-,-,-,-,-,-,-,-,-,-,-,-,0,0,0,-,-,-,-,-,-,1,backdoor
1556485555,192.168.1.193,57143,192.168.1.33,8080,tcp,-,0.000143,0,0,REJ,0,1,48,1,40,-,0,0,0,-,-,-,-,-,-,-,-,-,-,-,-,-,-,-,0,0,0,-,-,-,-,-,-,1,backdoor
1556485555,192.168.1.193,57144,192.168.1.33,8080,tcp,-,0.00011,0,0,REJ,0,1,48,1,40,-,0,0,0,-,-,-,-,-,-,-,-,-,-,-,-,-,-,-,0,0,0,-,-,-,-,-,-,1,backdoor
1556485555,192.168.1.193,57145,192.168.1.33,80,tcp,-,0.000182,0,0,REJ,0,1,48,1,40,-,0,0,0,-,-,-,-,-,-,-,-,-,-,-,-,-,-,-,0,0,0,-,-,-,-,-,-,1,backdoor
1556485556,192.168.1.195,53974,224.0.0.252,5355,udp,dns,2.3e-05,66,0,S0,0,2,122,0,0,-,0,0,0,-,-,-,-,-,-,-,-,-,-,-,-,-,-,-,0,0,0,-,-,-,-,-,-,0,normal
1556485556,192.168.1.193,57145,192.168.1.33,80,tcp,-,9.5e-05,0,0,REJ,0,1,48,1,40,-,0,0,0,-,-,-,-,-,-,-,-,-,-,-,-,-,-,-,0,0,0,-,-,-,-,-,-,1,backdoor
1556485556,192.168.1.193,57145,192.168.1.33,80,tcp,-,1.9e-05,0,0,REJ,0,1,48,1,40,-,0,0,0,-,-,-,-,-,-,-,-,-,-,-,-,-,-,-,0,0,0,-,-,-,-,-,-,1,backdoor
1556485556,192.168.1.193,57143,192.168.1.33,8080,tcp,-,0.000103,0,0,REJ,0,1,48,1,40,-,0,0,0,-,-,-,-,-,-,-,-,-,-,-,-,-,-,-,0,0,0,-,-,-,-,-,-,1,backdoor
1556485556,192.168.1.193,57144,192.168.1.33,8080,tcp,-,0.000115,0,0,REJ,0,1,48,1,40,-,0,0,0,-,-,-,-,-,-,-,-,-,-,-,-,-,-,-,0,0,0,-,-,-,-,-,-,1,backdoor
1556485556,192.168.1.195,5353,224.0.0.251,5353,udp,dns,0.013938,772,0,S0,0,12,1108,0,0,desktop-7q9apbo.local,1,255,0,T,F,F,F,-,-,-,-,-,-,-,-,-,-,-,0,0,0,-,-,-,-,-,-,0,normal
1556485556,192.168.1.195,53978,239.255.255.250,1900,udp,-,3.24959,2468,0,S0,0,20,3028,0,0,-,0,0,0,-,-,-,-,-,-,-,-,-,-,-,-,-,-,-,0,0,0,-,-,-,-,-,-,0,normal
1556485556,192.168.1.193,57145,192.168.1.33,80,tcp,-,9.7e-05,0,0,REJ,0,1,48,1,40,-,0,0,0,-,-,-,-,-,-,-,-,-,-,-,-,-,-,-,0,0,0,-,-,-,-,-,-,1,backdoor
1556485556,192.168.1.193,57144,192.168.1.33,8080,tcp,-,0.000114,0,0,REJ,0,1,48,1,40,-,0,0,0,-,-,-,-,-,-,-,-,-,-,-,-,-,-,-,0,0,0,-,-,-,-,-,-,1,backdoor
1556485556,192.168.1.180,38947,192.168.1.190,53,udp,dns,0.086665,180,293,SF,0,2,236,2,349,b.4.e.c.4.0.f.f.1.0.0.0.0.0.0.0.0.0.0.0.0.0.0.0.0.0.0.0.2.0.f.f.ip6.arpa,1,12,3,F,T,F,F,-,-,-,-,-,-,-,-,-,-,-,0,0,0,-,-,-,-,-,-,0,normal
1556485556,192.168.1.193,57143,192.168.1.33,8080,tcp,-,0.000186,0,0,REJ,0,1,48,1,40,-,0,0,0,-,-,-,-,-,-,-,-,-,-,-,-,-,-,-,0,0,0,-,-,-,-,-,-,1,backdoor
1556485556,192.168.1.195,52132,224.0.0.252,5355,udp,dns,2.6e-05,66,0,S0,0,2,122,0,0,-,0,0,0,-,-,-,-,-,-,-,-,-,-,-,-,-,-,-,0,0,0,-,-,-,-,-,-,0,normal
1556485556,192.168.1.1,53136,192.168.1.195,53978,udp,-,0.085926,573,0,S0,0,2,629,0,0,-,0,0,0,-,-,-,-,-,-,-,-,-,-,-,-,-,-,-,0,0,0,-,-,-,-,-,-,0,normal
1556485556,192.168.1.193,57144,192.168.1.33,8080,tcp,-,0.000133,0,0,REJ,0,1,48,1,40,-,0,0,0,-,-,-,-,-,-,-,-,-,-,-,-,-,-,-,0,0,0,-,-,-,-,-,-,1,backdoor
1556485556,192.168.1.1,56504,192.168.1.195,53978,udp,-,4.137722,5116,0,S0,0,16,5564,0,0,-,0,0,0,-,-,-,-,-,-,-,-,-,-,-,-,-,-,-,0,0,0,-,-,-,-,-,-,0,normal
1556485556,192.168.1.190,33154,203.119.86.101,53,udp,dns,0.021764,101,772,SF,0,1,129,1,800,b.4.e.c.4.0.f.f.1.0.0.0.0.0.0.0.0.0.0.0.0.0.0.0.0.0.0.0.2.0.f.f.ip6.arpa,1,12,3,F,F,F,F,-,-,-,-,-,-,-,-,-,-,-,0,0,0,-,-,-,-,-,-,0,normal
1556485557,192.168.1.193,57144,192.168.1.33,8080,tcp,-,0.000146,0,0,REJ,0,1,48,1,40,-,0,0,0,-,-,-,-,-,-,-,-,-,-,-,-,-,-,-,0,0,0,-,-,-,-,-,-,1,backdoor
1556485557,192.168.1.193,57145,192.168.1.33,80,tcp,-,0.000126,0,0,REJ,0,1,48,1,40,-,0,0,0,-,-,-,-,-,-,-,-,-,-,-,-,-,-,-,0,0,0,-,-,-,-,-,-,1,backdoor
1556485557,192.168.1.195,55906,192.168.1.1,49152,tcp,http,0.005045,191,991,SF,0,5,403,5,1203,-,0,0,0,-,-,-,-,-,-,-,-,-,-,-,-,-,-,-,0,0,0,-,-,-,-,-,-,0,normal
1556485557,192.168.1.193,57145,192.168.1.33,80,tcp,-,0.000265,0,0,REJ,0,1,48,1,40,-,0,0,0,-,-,-,-,-,-,-,-,-,-,-,-,-,-,-,0,0,0,-,-,-,-,-,-,1,backdoor
1556485557,192.168.1.193,57144,192.168.1.33,8080,tcp,-,0.000162,0,0,REJ,0,1,48,1,40,-,0,0,0,-,-,-,-,-,-,-,-,-,-,-,-,-,-,-,0,0,0,-,-,-,-,-,-,1,backdoor
1556485557,192.168.1.193,57144,192.168.1.33,8080,tcp,-,0.000133,0,0,REJ,0,1,48,1,40,-,0,0,0,-,-,-,-,-,-,-,-,-,-,-,-,-,-,-,0,0,0,-,-,-,-,-,-,1,backdoor
1556485557,192.168.1.193,57145,192.168.1.33,80,tcp,-,0.000149,0,0,REJ,0,1,48,1,40,-,0,0,0,-,-,-,-,-,-,-,-,-,-,-,-,-,-,-,0,0,0,-,-,-,-,-,-,1,backdoor
1556485558,192.168.1.193,57146,192.168.1.195,5357,tcp,http,0.001649,954,2370,SF,0,6,1202,5,2578,-,0,0,0,-,-,-,-,-,-,-,-,-,-,-,-,-,-,-,0,0,0,-,-,-,-,-,-,0,normal
1556485558,192.168.1.195,55907,192.168.1.1,41952,tcp,http,0.745515,383,3882,SF,0,9,755,12,4374,-,0,0,0,-,-,-,-,-,-,-,-,-,-,-,-,-,-,-,0,0,0,-,-,-,-,-,-,0,normal
1556485558,192.168.1.193,57145,192.168.1.33,80,tcp,-,1e-05,0,0,REJ,0,1,48,1,40,-,0,0,0,-,-,-,-,-,-,-,-,-,-,-,-,-,-,-,0,0,0,-,-,-,-,-,-,1,backdoor
1556485558,192.168.1.193,57144,192.168.1.33,8080,tcp,-,0.00032,0,0,REJ,0,1,48,1,40,-,0,0,0,-,-,-,-,-,-,-,-,-,-,-,-,-,-,-,0,0,0,-,-,-,-,-,-,1,backdoor
1556485558,192.168.1.193,57145,192.168.1.33,80,tcp,-,0.000218,0,0,REJ,0,1,48,1,40,-,0,0,0,-,-,-,-,-,-,-,-,-,-,-,-,-,-,-,0,0,0,-,-,-,-,-,-,1,backdoor
1556485558,192.168.1.193,57144,192.168.1.33,8080,tcp,-,0.000189,0,0,REJ,0,1,48,1,40,-,0,0,0,-,-,-,-,-,-,-,-,-,-,-,-,-,-,-,0,0,0,-,-,-,-,-,-,1,backdoor
1556485558,192.168.1.193,57145,192.168.1.33,80,tcp,-,2e-05,0,0,REJ,0,1,48,1,40,-,0,0,0,-,-,-,-,-,-,-,-,-,-,-,-,-,-,-,0,0,0,-,-,-,-,-,-,1,backdoor
1556485558,192.168.1.193,57144,192.168.1.33,8080,tcp,-,7e-06,0,0,REJ,0,1,48,1,40,-,0,0,0,-,-,-,-,-,-,-,-,-,-,-,-,-,-,-,0,0,0,-,-,-,-,-,-,1,backdoor
1556485559,192.168.1.193,57144,192.168.1.33,8080,tcp,-,6.8e-05,0,0,REJ,0,1,48,1,40,-,0,0,0,-,-,-,-,-,-,-,-,-,-,-,-,-,-,-,0,0,0,-,-,-,-,-,-,1,backdoor
1556485559,192.168.1.193,57145,192.168.1.33,80,tcp,-,0.000105,0,0,REJ,0,1,48,1,40,-,0,0,0,-,-,-,-,-,-,-,-,-,-,-,-,-,-,-,0,0,0,-,-,-,-,-,-,1,backdoor
1556485559,192.168.1.193,57144,192.168.1.33,8080,tcp,-,9e-05,0,0,REJ,0,1,48,1,40,-,0,0,0,-,-,-,-,-,-,-,-,-,-,-,-,-,-,-,0,0,0,-,-,-,-,-,-,1,backdoor
1556485559,192.168.1.193,57144,192.168.1.33,8080,tcp,-,0.00015,0,0,REJ,0,1,48,1,40,-,0,0,0,-,-,-,-,-,-,-,-,-,-,-,-,-,-,-,0,0,0,-,-,-,-,-,-,1,backdoor
1556485559,192.168.1.193,57145,192.168.1.33,80,tcp,-,0.000175,0,0,REJ,0,1,48,1,40,-,0,0,0,-,-,-,-,-,-,-,-,-,-,-,-,-,-,-,0,0,0,-,-,-,-,-,-,1,backdoor
1556485559,192.168.1.195,55910,192.168.1.1,41952,tcp,http,0.014702,226,3978,SF,0,6,478,8,4310,-,0,0,0,-,-,-,-,-,-,-,-,-,-,-,-,-,-,-,0,0,0,-,-,-,-,-,-,0,normal
1556485559,192.168.1.195,55909,192.168.1.1,41952,tcp,http,0.721351,383,3882,SF,0,10,795,12,4374,-,0,0,0,-,-,-,-,-,-,-,-,-,-,-,-,-,-,-,0,0,0,-,-,-,-,-,-,0,normal
1556485559,192.168.1.193,57145,192.168.1.33,80,tcp,-,7e-06,0,0,REJ,0,1,48,1,40,-,0,0,0,-,-,-,-,-,-,-,-,-,-,-,-,-,-,-,0,0,0,-,-,-,-,-,-,1,backdoor
1556485560,192.168.1.193,57144,192.168.1.33,8080,tcp,-,0.000149,0,0,REJ,0,1,48,1,40,-,0,0,0,-,-,-,-,-,-,-,-,-,-,-,-,-,-,-,0,0,0,-,-,-,-,-,-,1,backdoor
1556485560,192.168.1.193,57147,192.168.1.33,8080,tcp,-,0.000121,0,0,REJ,0,1,48,1,40,-,0,0,0,-,-,-,-,-,-,-,-,-,-,-,-,-,-,-,0,0,0,-,-,-,-,-,-,1,backdoor
1556485560,192.168.1.193,57145,192.168.1.33,80,tcp,-,0.000142,0,0,REJ,0,1,48,1,40,-,0,0,0,-,-,-,-,-,-,-,-,-,-,-,-,-,-,-,0,0,0,-,-,-,-,-,-,1,backdoor
1556485560,192.168.1.193,57144,192.168.1.33,8080,tcp,-,9.8e-05,0,0,REJ,0,1,48,1,40,-,0,0,0,-,-,-,-,-,-,-,-,-,-,-,-,-,-,-,0,0,0,-,-,-,-,-,-,1,backdoor
1556485560,192.168.1.193,57144,192.168.1.33,8080,tcp,-,0.000116,0,0,REJ,0,1,48,1,40,-,0,0,0,-,-,-,-,-,-,-,-,-,-,-,-,-,-,-,0,0,0,-,-,-,-,-,-,1,backdoor
1556485560,192.168.1.193,57145,192.168.1.33,80,tcp,-,0.000117,0,0,REJ,0,1,48,1,40,-,0,0,0,-,-,-,-,-,-,-,-,-,-,-,-,-,-,-,0,0,0,-,-,-,-,-,-,1,backdoor
1556485560,192.168.1.195,55911,192.168.1.1,41952,tcp,http,0.014433,226,3978,SF,0,7,518,9,4350,-,0,0,0,-,-,-,-,-,-,-,-,-,-,-,-,-,-,-,0,0,0,-,-,-,-,-,-,0,normal
1556485560,192.168.1.193,57145,192.168.1.33,80,tcp,-,0.000121,0,0,REJ,0,1,48,1,40,-,0,0,0,-,-,-,-,-,-,-,-,-,-,-,-,-,-,-,0,0,0,-,-,-,-,-,-,1,backdoor
1556485561,192.168.1.193,57147,192.168.1.33,8080,tcp,-,0.00012,0,0,REJ,0,1,48,1,40,-,0,0,0,-,-,-,-,-,-,-,-,-,-,-,-,-,-,-,0,0,0,-,-,-,-,-,-,1,backdoor
1556485561,192.168.1.193,57144,192.168.1.33,8080,tcp,-,9e-05,0,0,REJ,0,1,48,1,40,-,0,0,0,-,-,-,-,-,-,-,-,-,-,-,-,-,-,-,0,0,0,-,-,-,-,-,-,1,backdoor
1556485561,192.168.1.193,57147,192.168.1.33,8080,tcp,-,0.000194,0,0,REJ,0,1,48,1,40,-,0,0,0,-,-,-,-,-,-,-,-,-,-,-,-,-,-,-,0,0,0,-,-,-,-,-,-,1,backdoor
1556485561,192.168.1.193,57145,192.168.1.33,80,tcp,-,0.000104,0,0,REJ,0,1,48,1,40,-,0,0,0,-,-,-,-,-,-,-,-,-,-,-,-,-,-,-,0,0,0,-,-,-,-,-,-,1,backdoor
1556485561,192.168.1.193,57144,192.168.1.33,8080,tcp,-,1e-05,0,0,REJ,0,1,48,1,40,-,0,0,0,-,-,-,-,-,-,-,-,-,-,-,-,-,-,-,0,0,0,-,-,-,-,-,-,1,backdoor
1556485561,192.168.1.193,57144,192.168.1.33,8080,tcp,-,0.00016,0,0,REJ,0,1,48,1,40,-,0,0,0,-,-,-,-,-,-,-,-,-,-,-,-,-,-,-,0,0,0,-,-,-,-,-,-,1,backdoor
1556485561,192.168.1.193,57145,192.168.1.33,80,tcp,-,0.00014,0,0,REJ,0,1,48,1,40,-,0,0,0,-,-,-,-,-,-,-,-,-,-,-,-,-,-,-,0,0,0,-,-,-,-,-,-,1,backdoor
1556485561,192.168.1.193,57147,192.168.1.33,8080,tcp,-,0.00012,0,0,REJ,0,1,48,1,40,-,0,0,0,-,-,-,-,-,-,-,-,-,-,-,-,-,-,-,0,0,0,-,-,-,-,-,-,1,backdoor
1556485561,192.168.1.193,57145,192.168.1.33,80,tcp,-,0.000171,0,0,REJ,0,1,48,1,40,-,0,0,0,-,-,-,-,-,-,-,-,-,-,-,-,-,-,-,0,0,0,-,-,-,-,-,-,1,backdoor
1556485562,192.168.1.193,57147,192.168.1.33,8080,tcp,-,9.6e-05,0,0,REJ,0,1,48,1,40,-,0,0,0,-,-,-,-,-,-,-,-,-,-,-,-,-,-,-,0,0,0,-,-,-,-,-,-,1,backdoor
1556485562,192.168.1.193,57145,192.168.1.33,80,tcp,-,9.4e-05,0,0,REJ,0,1,48,1,40,-,0,0,0,-,-,-,-,-,-,-,-,-,-,-,-,-,-,-,0,0,0,-,-,-,-,-,-,1,backdoor
1556485562,192.168.1.1,61152,192.168.1.195,53978,udp,-,0.000774,573,0,S0,0,2,629,0,0,-,0,0,0,-,-,-,-,-,-,-,-,-,-,-,-,-,-,-,0,0,0,-,-,-,-,-,-,0,normal
1556485562,192.168.1.193,57144,192.168.1.33,8080,tcp,-,1e-05,0,0,REJ,0,1,48,1,40,-,0,0,0,-,-,-,-,-,-,-,-,-,-,-,-,-,-,-,0,0,0,-,-,-,-,-,-,1,backdoor
1556485562,192.168.1.193,57147,192.168.1.33,8080,tcp,-,0.000142,0,0,REJ,0,1,48,1,40,-,0,0,0,-,-,-,-,-,-,-,-,-,-,-,-,-,-,-,0,0,0,-,-,-,-,-,-,1,backdoor
1556485562,192.168.1.193,57144,192.168.1.33,8080,tcp,-,0.000101,0,0,REJ,0,1,48,1,40,-,0,0,0,-,-,-,-,-,-,-,-,-,-,-,-,-,-,-,0,0,0,-,-,-,-,-,-,1,backdoor
1556485562,192.168.1.193,57145,192.168.1.33,80,tcp,-,0.000118,0,0,REJ,0,1,48,1,40,-,0,0,0,-,-,-,-,-,-,-,-,-,-,-,-,-,-,-,0,0,0,-,-,-,-,-,-,1,backdoor
1556485562,192.168.1.193,57144,192.168.1.33,8080,tcp,-,0.000115,0,0,REJ,0,1,48,1,40,-,0,0,0,-,-,-,-,-,-,-,-,-,-,-,-,-,-,-,0,0,0,-,-,-,-,-,-,1,backdoor
1556485562,192.168.1.193,57147,192.168.1.33,8080,tcp,-,0.000264,0,0,REJ,0,1,48,1,40,-,0,0,0,-,-,-,-,-,-,-,-,-,-,-,-,-,-,-,0,0,0,-,-,-,-,-,-,1,backdoor
1556485562,192.168.1.193,57145,192.168.1.33,80,tcp,-,0.000105,0,0,REJ,0,1,48,1,40,-,0,0,0,-,-,-,-,-,-,-,-,-,-,-,-,-,-,-,0,0,0,-,-,-,-,-,-,1,backdoor
1556485563,192.168.1.193,57144,192.168.1.33,8080,tcp,-,0.000137,0,0,REJ,0,1,48,1,40,-,0,0,0,-,-,-,-,-,-,-,-,-,-,-,-,-,-,-,0,0,0,-,-,-,-,-,-,1,backdoor
1556485563,192.168.1.193,57147,192.168.1.33,8080,tcp,-,0.000104,0,0,REJ,0,1,48,1,40,-,0,0,0,-,-,-,-,-,-,-,-,-,-,-,-,-,-,-,0,0,0,-,-,-,-,-,-,1,backdoor
1556485563,192.168.1.193,57147,192.168.1.33,8080,tcp,-,1.8e-05,0,0,REJ,0,1,48,1,40,-,0,0,0,-,-,-,-,-,-,-,-,-,-,-,-,-,-,-,0,0,0,-,-,-,-,-,-,1,backdoor
1556485563,192.168.1.193,57147,192.168.1.33,8080,tcp,-,0.000169,0,0,REJ,0,1,48,1,40,-,0,0,0,-,-,-,-,-,-,-,-,-,-,-,-,-,-,-,0,0,0,-,-,-,-,-,-,1,backdoor
1556485563,192.168.1.193,57145,192.168.1.33,80,tcp,-,2.2e-05,0,0,REJ,0,1,48,1,40,-,0,0,0,-,-,-,-,-,-,-,-,-,-,-,-,-,-,-,0,0,0,-,-,-,-,-,-,1,backdoor
1556485563,192.168.1.193,57144,192.168.1.33,8080,tcp,-,0.000103,0,0,REJ,0,1,48,1,40,-,0,0,0,-,-,-,-,-,-,-,-,-,-,-,-,-,-,-,0,0,0,-,-,-,-,-,-,1,backdoor
1556485563,192.168.1.193,57145,192.168.1.33,80,tcp,-,0.000217,0,0,REJ,0,1,48,1,40,-,0,0,0,-,-,-,-,-,-,-,-,-,-,-,-,-,-,-,0,0,0,-,-,-,-,-,-,1,backdoor
1556485564,192.168.1.193,57147,192.168.1.33,8080,tcp,-,2.3e-05,0,0,REJ,0,1,48,1,40,-,0,0,0,-,-,-,-,-,-,-,-,-,-,-,-,-,-,-,0,0,0,-,-,-,-,-,-,1,backdoor
1556485564,192.168.1.193,57147,192.168.1.33,8080,tcp,-,9.5e-05,0,0,REJ,0,1,48,1,40,-,0,0,0,-,-,-,-,-,-,-,-,-,-,-,-,-,-,-,0,0,0,-,-,-,-,-,-,1,backdoor
1556485564,192.168.1.193,57147,192.168.1.33,8080,tcp,-,0.000116,0,0,REJ,0,1,48,1,40,-,0,0,0,-,-,-,-,-,-,-,-,-,-,-,-,-,-,-,0,0,0,-,-,-,-,-,-,1,backdoor
1556485565,192.168.1.193,57147,192.168.1.33,8080,tcp,-,0.000581,0,0,REJ,0,1,48,1,40,-,0,0,0,-,-,-,-,-,-,-,-,-,-,-,-,-,-,-,0,0,0,-,-,-,-,-,-,1,backdoor
1556485565,192.168.1.193,57147,192.168.1.33,8080,tcp,-,0.000182,0,0,REJ,0,1,48,1,40,-,0,0,0,-,-,-,-,-,-,-,-,-,-,-,-,-,-,-,0,0,0,-,-,-,-,-,-,1,backdoor
1556485565,192.168.1.193,57147,192.168.1.33,8080,tcp,-,0.000188,0,0,REJ,0,1,48,1,40,-,0,0,0,-,-,-,-,-,-,-,-,-,-,-,-,-,-,-,0,0,0,-,-,-,-,-,-,1,backdoor
1556485566,192.168.1.193,57148,192.168.1.33,8080,tcp,-,8.5e-05,0,0,REJ,0,1,48,1,40,-,0,0,0,-,-,-,-,-,-,-,-,-,-,-,-,-,-,-,0,0,0,-,-,-,-,-,-,1,backdoor
1556485566,192.168.1.193,57147,192.168.1.33,8080,tcp,-,7.1e-05,0,0,REJ,0,1,48,1,40,-,0,0,0,-,-,-,-,-,-,-,-,-,-,-,-,-,-,-,0,0,0,-,-,-,-,-,-,1,backdoor
1556485566,192.168.1.193,57147,192.168.1.33,8080,tcp,-,0.000175,0,0,REJ,0,1,48,1,40,-,0,0,0,-,-,-,-,-,-,-,-,-,-,-,-,-,-,-,0,0,0,-,-,-,-,-,-,1,backdoor
1556485566,192.168.1.193,57147,192.168.1.33,8080,tcp,-,0.000167,0,0,REJ,0,1,48,1,40,-,0,0,0,-,-,-,-,-,-,-,-,-,-,-,-,-,-,-,0,0,0,-,-,-,-,-,-,1,backdoor
1556485566,192.168.1.193,57149,192.168.1.33,80,tcp,-,9.4e-05,0,0,REJ,0,1,48,1,40,-,0,0,0,-,-,-,-,-,-,-,-,-,-,-,-,-,-,-,0,0,0,-,-,-,-,-,-,1,backdoor
1556485567,192.168.1.193,57148,192.168.1.33,8080,tcp,-,7.4e-05,0,0,REJ,0,1,48,1,40,-,0,0,0,-,-,-,-,-,-,-,-,-,-,-,-,-,-,-,0,0,0,-,-,-,-,-,-,1,backdoor
1556485567,192.168.1.193,57147,192.168.1.33,8080,tcp,-,7.2e-05,0,0,REJ,0,1,48,1,40,-,0,0,0,-,-,-,-,-,-,-,-,-,-,-,-,-,-,-,0,0,0,-,-,-,-,-,-,1,backdoor
1556485567,192.168.1.193,57147,192.168.1.33,8080,tcp,-,0.000116,0,0,REJ,0,1,48,1,40,-,0,0,0,-,-,-,-,-,-,-,-,-,-,-,-,-,-,-,0,0,0,-,-,-,-,-,-,1,backdoor
1556485567,192.168.1.193,57148,192.168.1.33,8080,tcp,-,0.000131,0,0,REJ,0,1,48,1,40,-,0,0,0,-,-,-,-,-,-,-,-,-,-,-,-,-,-,-,0,0,0,-,-,-,-,-,-,1,backdoor
1556485567,192.168.1.193,57147,192.168.1.33,8080,tcp,-,8.7e-05,0,0,REJ,0,1,48,1,40,-,0,0,0,-,-,-,-,-,-,-,-,-,-,-,-,-,-,-,0,0,0,-,-,-,-,-,-,1,backdoor
1556485567,192.168.1.193,57148,192.168.1.33,8080,tcp,-,1e-05,0,0,REJ,0,1,48,1,40,-,0,0,0,-,-,-,-,-,-,-,-,-,-,-,-,-,-,-,0,0,0,-,-,-,-,-,-,1,backdoor
1556485567,192.168.1.193,57149,192.168.1.33,80,tcp,-,9.3e-05,0,0,REJ,0,1,48,1,40,-,0,0,0,-,-,-,-,-,-,-,-,-,-,-,-,-,-,-,0,0,0,-,-,-,-,-,-,1,backdoor
1556485567,192.168.1.193,57149,192.168.1.33,80,tcp,-,0.000193,0,0,REJ,0,1,48,1,40,-,0,0,0,-,-,-,-,-,-,-,-,-,-,-,-,-,-,-,0,0,0,-,-,-,-,-,-,1,backdoor
1556485567,192.168.1.193,57149,192.168.1.33,80,tcp,-,9.7e-05,0,0,REJ,0,1,48,1,40,-,0,0,0,-,-,-,-,-,-,-,-,-,-,-,-,-,-,-,0,0,0,-,-,-,-,-,-,1,backdoor
1556485568,192.168.1.193,57147,192.168.1.33,8080,tcp,-,0.000151,0,0,REJ,0,1,48,1,40,-,0,0,0,-,-,-,-,-,-,-,-,-,-,-,-,-,-,-,0,0,0,-,-,-,-,-,-,1,backdoor
1556485568,192.168.1.193,57148,192.168.1.33,8080,tcp,-,0.0001,0,0,REJ,0,1,48,1,40,-,0,0,0,-,-,-,-,-,-,-,-,-,-,-,-,-,-,-,0,0,0,-,-,-,-,-,-,1,backdoor
1556485568,192.168.1.193,57149,192.168.1.33,80,tcp,-,0.000167,0,0,REJ,0,1,48,1,40,-,0,0,0,-,-,-,-,-,-,-,-,-,-,-,-,-,-,-,0,0,0,-,-,-,-,-,-,1,backdoor
1556485568,192.168.1.193,57149,192.168.1.33,80,tcp,-,0.000124,0,0,REJ,0,1,48,1,40,-,0,0,0,-,-,-,-,-,-,-,-,-,-,-,-,-,-,-,0,0,0,-,-,-,-,-,-,1,backdoor
1556485568,192.168.1.193,57147,192.168.1.33,8080,tcp,-,0.00014,0,0,REJ,0,1,48,1,40,-,0,0,0,-,-,-,-,-,-,-,-,-,-,-,-,-,-,-,0,0,0,-,-,-,-,-,-,1,backdoor
1556485568,192.168.1.193,57149,192.168.1.33,80,tcp,-,9.1e-05,0,0,REJ,0,1,48,1,40,-,0,0,0,-,-,-,-,-,-,-,-,-,-,-,-,-,-,-,0,0,0,-,-,-,-,-,-,1,backdoor
1556485568,192.168.1.193,57148,192.168.1.33,8080,tcp,-,2e-05,0,0,REJ,0,1,48,1,40,-,0,0,0,-,-,-,-,-,-,-,-,-,-,-,-,-,-,-,0,0,0,-,-,-,-,-,-,1,backdoor
1556485568,192.168.1.193,57148,192.168.1.33,8080,tcp,-,9.4e-05,0,0,REJ,0,1,48,1,40,-,0,0,0,-,-,-,-,-,-,-,-,-,-,-,-,-,-,-,0,0,0,-,-,-,-,-,-,1,backdoor
1556485568,192.168.1.193,57147,192.168.1.33,8080,tcp,-,9.2e-05,0,0,REJ,0,1,48,1,40,-,0,0,0,-,-,-,-,-,-,-,-,-,-,-,-,-,-,-,0,0,0,-,-,-,-,-,-,1,backdoor
1556485569,192.168.1.193,57148,192.168.1.33,8080,tcp,-,0.00024,0,0,REJ,0,1,48,1,40,-,0,0,0,-,-,-,-,-,-,-,-,-,-,-,-,-,-,-,0,0,0,-,-,-,-,-,-,1,backdoor
1556485569,192.168.1.193,57149,192.168.1.33,80,tcp,-,0.000101,0,0,REJ,0,1,48,1,40,-,0,0,0,-,-,-,-,-,-,-,-,-,-,-,-,-,-,-,0,0,0,-,-,-,-,-,-,1,backdoor
1556485569,192.168.1.193,57147,192.168.1.33,8080,tcp,-,0.000214,0,0,REJ,0,1,48,1,40,-,0,0,0,-,-,-,-,-,-,-,-,-,-,-,-,-,-,-,0,0,0,-,-,-,-,-,-,1,backdoor
1556485569,192.168.1.193,57147,192.168.1.33,8080,tcp,-,0.000196,0,0,REJ,0,1,48,1,40,-,0,0,0,-,-,-,-,-,-,-,-,-,-,-,-,-,-,-,0,0,0,-,-,-,-,-,-,1,backdoor
1556485569,192.168.1.193,57148,192.168.1.33,8080,tcp,-,0.000181,0,0,REJ,0,1,48,1,40,-,0,0,0,-,-,-,-,-,-,-,-,-,-,-,-,-,-,-,0,0,0,-,-,-,-,-,-,1,backdoor
1556485569,192.168.1.193,57147,192.168.1.33,8080,tcp,-,0.000115,0,0,REJ,0,1,48,1,40,-,0,0,0,-,-,-,-,-,-,-,-,-,-,-,-,-,-,-,0,0,0,-,-,-,-,-,-,1,backdoor
1556485569,192.168.1.193,57149,192.168.1.33,80,tcp,-,0.000183,0,0,REJ,0,1,48,1,40,-,0,0,0,-,-,-,-,-,-,-,-,-,-,-,-,-,-,-,0,0,0,-,-,-,-,-,-,1,backdoor
1556485569,192.168.1.193,57149,192.168.1.33,80,tcp,-,0.000197,0,0,REJ,0,1,48,1,40,-,0,0,0,-,-,-,-,-,-,-,-,-,-,-,-,-,-,-,0,0,0,-,-,-,-,-,-,1,backdoor
1556485569,192.168.1.193,57148,192.168.1.33,8080,tcp,-,1.9e-05,0,0,REJ,0,1,48,1,40,-,0,0,0,-,-,-,-,-,-,-,-,-,-,-,-,-,-,-,0,0,0,-,-,-,-,-,-,1,backdoor
1556485570,192.168.1.193,57148,192.168.1.33,8080,tcp,-,0.000135,0,0,REJ,0,1,48,1,40,-,0,0,0,-,-,-,-,-,-,-,-,-,-,-,-,-,-,-,0,0,0,-,-,-,-,-,-,1,backdoor
1556485570,192.168.1.193,57148,192.168.1.33,8080,tcp,-,0.000195,0,0,REJ,0,1,48,1,40,-,0,0,0,-,-,-,-,-,-,-,-,-,-,-,-,-,-,-,0,0,0,-,-,-,-,-,-,1,backdoor
1556485570,192.168.1.193,57149,192.168.1.33,80,tcp,-,0.000156,0,0,REJ,0,1,48,1,40,-,0,0,0,-,-,-,-,-,-,-,-,-,-,-,-,-,-,-,0,0,0,-,-,-,-,-,-,1,backdoor
1556485570,192.168.1.193,57149,192.168.1.33,80,tcp,-,0.000152,0,0,REJ,0,1,48,1,40,-,0,0,0,-,-,-,-,-,-,-,-,-,-,-,-,-,-,-,0,0,0,-,-,-,-,-,-,1,backdoor
1556485570,192.168.1.193,57147,192.168.1.33,8080,tcp,-,8.1e-05,0,0,REJ,0,1,48,1,40,-,0,0,0,-,-,-,-,-,-,-,-,-,-,-,-,-,-,-,0,0,0,-,-,-,-,-,-,1,backdoor
1556485570,192.168.1.193,57147,192.168.1.33,8080,tcp,-,0.000189,0,0,REJ,0,1,48,1,40,-,0,0,0,-,-,-,-,-,-,-,-,-,-,-,-,-,-,-,0,0,0,-,-,-,-,-,-,1,backdoor
1556485570,192.168.1.193,57148,192.168.1.33,8080,tcp,-,9.6e-05,0,0,REJ,0,1,48,1,40,-,0,0,0,-,-,-,-,-,-,-,-,-,-,-,-,-,-,-,0,0,0,-,-,-,-,-,-,1,backdoor
1556485570,192.168.1.193,57149,192.168.1.33,80,tcp,-,8.2e-05,0,0,REJ,0,1,48,1,40,-,0,0,0,-,-,-,-,-,-,-,-,-,-,-,-,-,-,-,0,0,0,-,-,-,-,-,-,1,backdoor
1556485571,192.168.1.193,57148,192.168.1.33,8080,tcp,-,9.8e-05,0,0,REJ,0,1,48,1,40,-,0,0,0,-,-,-,-,-,-,-,-,-,-,-,-,-,-,-,0,0,0,-,-,-,-,-,-,1,backdoor
1556485571,192.168.1.193,57149,192.168.1.33,80,tcp,-,0.000207,0,0,REJ,0,1,48,1,40,-,0,0,0,-,-,-,-,-,-,-,-,-,-,-,-,-,-,-,0,0,0,-,-,-,-,-,-,1,backdoor
1556485571,192.168.1.193,57149,192.168.1.33,80,tcp,-,0.000152,0,0,REJ,0,1,48,1,40,-,0,0,0,-,-,-,-,-,-,-,-,-,-,-,-,-,-,-,0,0,0,-,-,-,-,-,-,1,backdoor
1556485571,192.168.1.193,57148,192.168.1.33,8080,tcp,-,0.000146,0,0,REJ,0,1,48,1,40,-,0,0,0,-,-,-,-,-,-,-,-,-,-,-,-,-,-,-,0,0,0,-,-,-,-,-,-,1,backdoor
1556485571,192.168.1.193,57149,192.168.1.33,80,tcp,-,0.000203,0,0,REJ,0,1,48,1,40,-,0,0,0,-,-,-,-,-,-,-,-,-,-,-,-,-,-,-,0,0,0,-,-,-,-,-,-,1,backdoor
1556485571,192.168.1.193,57148,192.168.1.33,8080,tcp,-,0.000211,0,0,REJ,0,1,48,1,40,-,0,0,0,-,-,-,-,-,-,-,-,-,-,-,-,-,-,-,0,0,0,-,-,-,-,-,-,1,backdoor
1556485572,192.168.1.193,57149,192.168.1.33,80,tcp,-,0.000167,0,0,REJ,0,1,48,1,40,-,0,0,0,-,-,-,-,-,-,-,-,-,-,-,-,-,-,-,0,0,0,-,-,-,-,-,-,1,backdoor
1556485572,192.168.1.193,57148,192.168.1.33,8080,tcp,-,0.000117,0,0,REJ,0,1,48,1,40,-,0,0,0,-,-,-,-,-,-,-,-,-,-,-,-,-,-,-,0,0,0,-,-,-,-,-,-,1,backdoor
1556485572,192.168.1.193,57148,192.168.1.33,8080,tcp,-,0.000161,0,0,REJ,0,1,48,1,40,-,0,0,0,-,-,-,-,-,-,-,-,-,-,-,-,-,-,-,0,0,0,-,-,-,-,-,-,1,backdoor
1556485572,192.168.1.193,57149,192.168.1.33,80,tcp,-,8.5e-05,0,0,REJ,0,1,48,1,40,-,0,0,0,-,-,-,-,-,-,-,-,-,-,-,-,-,-,-,0,0,0,-,-,-,-,-,-,1,backdoor
1556485572,192.168.1.193,57149,192.168.1.33,80,tcp,-,0.00013,0,0,REJ,0,1,48,1,40,-,0,0,0,-,-,-,-,-,-,-,-,-,-,-,-,-,-,-,0,0,0,-,-,-,-,-,-,1,backdoor
1556485572,192.168.1.193,57148,192.168.1.33,8080,tcp,-,0.000157,0,0,REJ,0,1,48,1,40,-,0,0,0,-,-,-,-,-,-,-,-,-,-,-,-,-,-,-,0,0,0,-,-,-,-,-,-,1,backdoor
1556485573,192.168.1.193,57149,192.168.1.33,80,tcp,-,0.000189,0,0,REJ,0,1,48,1,40,-,0,0,0,-,-,-,-,-,-,-,-,-,-,-,-,-,-,-,0,0,0,-,-,-,-,-,-,1,backdoor
1556485573,192.168.1.193,57149,192.168.1.33,80,tcp,-,0.000171,0,0,REJ,0,1,48,1,40,-,0,0,0,-,-,-,-,-,-,-,-,-,-,-,-,-,-,-,0,0,0,-,-,-,-,-,-,1,backdoor
1556485573,192.168.1.193,57148,192.168.1.33,8080,tcp,-,8.5e-05,0,0,REJ,0,1,48,1,40,-,0,0,0,-,-,-,-,-,-,-,-,-,-,-,-,-,-,-,0,0,0,-,-,-,-,-,-,1,backdoor
1556485573,192.168.1.193,57148,192.168.1.33,8080,tcp,-,0.000165,0,0,REJ,0,1,48,1,40,-,0,0,0,-,-,-,-,-,-,-,-,-,-,-,-,-,-,-,0,0,0,-,-,-,-,-,-,1,backdoor
1556485573,192.168.1.193,57148,192.168.1.33,8080,tcp,-,0.000118,0,0,REJ,0,1,48,1,40,-,0,0,0,-,-,-,-,-,-,-,-,-,-,-,-,-,-,-,0,0,0,-,-,-,-,-,-,1,backdoor
1556485573,192.168.1.193,57149,192.168.1.33,80,tcp,-,0.000161,0,0,REJ,0,1,48,1,40,-,0,0,0,-,-,-,-,-,-,-,-,-,-,-,-,-,-,-,0,0,0,-,-,-,-,-,-,1,backdoor
1556485574,192.168.1.193,57149,192.168.1.33,80,tcp,-,0.000105,0,0,REJ,0,1,48,1,40,-,0,0,0,-,-,-,-,-,-,-,-,-,-,-,-,-,-,-,0,0,0,-,-,-,-,-,-,1,backdoor
1556485574,192.168.1.190,1886,91.189.91.139,53,udp,dns,0.262141,45,189,SF,0,1,73,1,217,daisy.ubuntu.com,1,1,0,T,F,F,F,-,-,-,-,-,-,-,-,-,-,-,0,0,0,-,-,-,-,-,-,0,normal
1556485574,192.168.1.193,57148,192.168.1.33,8080,tcp,-,0.000101,0,0,REJ,0,1,48,1,40,-,0,0,0,-,-,-,-,-,-,-,-,-,-,-,-,-,-,-,0,0,0,-,-,-,-,-,-,1,backdoor
1556485574,192.168.1.193,57149,192.168.1.33,80,tcp,-,0.000106,0,0,REJ,0,1,48,1,40,-,0,0,0,-,-,-,-,-,-,-,-,-,-,-,-,-,-,-,0,0,0,-,-,-,-,-,-,1,backdoor
1556485574,192.168.1.193,57148,192.168.1.33,8080,tcp,-,9.2e-05,0,0,REJ,0,1,48,1,40,-,0,0,0,-,-,-,-,-,-,-,-,-,-,-,-,-,-,-,0,0,0,-,-,-,-,-,-,1,backdoor
1556485574,192.168.1.193,57149,192.168.1.33,80,tcp,-,0.000246,0,0,REJ,0,1,48,1,40,-,0,0,0,-,-,-,-,-,-,-,-,-,-,-,-,-,-,-,0,0,0,-,-,-,-,-,-,1,backdoor
1556485574,192.168.1.193,57150,192.168.1.33,8080,tcp,-,0.000152,0,0,REJ,0,1,48,1,40,-,0,0,0,-,-,-,-,-,-,-,-,-,-,-,-,-,-,-,0,0,0,-,-,-,-,-,-,1,backdoor
1556485574,192.168.1.193,57148,192.168.1.33,8080,tcp,-,8.8e-05,0,0,REJ,0,1,48,1,40,-,0,0,0,-,-,-,-,-,-,-,-,-,-,-,-,-,-,-,0,0,0,-,-,-,-,-,-,1,backdoor
1556485575,192.168.1.193,57150,192.168.1.33,8080,tcp,-,0.000144,0,0,REJ,0,1,48,1,40,-,0,0,0,-,-,-,-,-,-,-,-,-,-,-,-,-,-,-,0,0,0,-,-,-,-,-,-,1,backdoor
1556485575,192.168.1.193,57149,192.168.1.33,80,tcp,-,0.000148,0,0,REJ,0,1,48,1,40,-,0,0,0,-,-,-,-,-,-,-,-,-,-,-,-,-,-,-,0,0,0,-,-,-,-,-,-,1,backdoor
1556485575,192.168.1.193,57149,192.168.1.33,80,tcp,-,8.3e-05,0,0,REJ,0,1,48,1,40,-,0,0,0,-,-,-,-,-,-,-,-,-,-,-,-,-,-,-,0,0,0,-,-,-,-,-,-,1,backdoor
1556485575,192.168.1.193,57148,192.168.1.33,8080,tcp,-,0.000185,0,0,REJ,0,1,48,1,40,-,0,0,0,-,-,-,-,-,-,-,-,-,-,-,-,-,-,-,0,0,0,-,-,-,-,-,-,1,backdoor
1556485575,192.168.1.193,57150,192.168.1.33,8080,tcp,-,0.000255,0,0,REJ,0,1,48,1,40,-,0,0,0,-,-,-,-,-,-,-,-,-,-,-,-,-,-,-,0,0,0,-,-,-,-,-,-,1,backdoor
1556485575,192.168.1.193,57148,192.168.1.33,8080,tcp,-,0.000229,0,0,REJ,0,1,48,1,40,-,0,0,0,-,-,-,-,-,-,-,-,-,-,-,-,-,-,-,0,0,0,-,-,-,-,-,-,1,backdoor
1556485575,192.168.1.193,57148,192.168.1.33,8080,tcp,-,8.8e-05,0,0,REJ,0,1,48,1,40,-,0,0,0,-,-,-,-,-,-,-,-,-,-,-,-,-,-,-,0,0,0,-,-,-,-,-,-,1,backdoor
1556485575,192.168.1.193,57150,192.168.1.33,8080,tcp,-,0.00011,0,0,REJ,0,1,48,1,40,-,0,0,0,-,-,-,-,-,-,-,-,-,-,-,-,-,-,-,0,0,0,-,-,-,-,-,-,1,backdoor
1556485575,192.168.1.193,57149,192.168.1.33,80,tcp,-,0.000154,0,0,REJ,0,1,48,1,40,-,0,0,0,-,-,-,-,-,-,-,-,-,-,-,-,-,-,-,0,0,0,-,-,-,-,-,-,1,backdoor
1556485576,192.168.1.193,57150,192.168.1.33,8080,tcp,-,0.000198,0,0,REJ,0,1,48,1,40,-,0,0,0,-,-,-,-,-,-,-,-,-,-,-,-,-,-,-,0,0,0,-,-,-,-,-,-,1,backdoor
1556485576,192.168.1.193,57149,192.168.1.33,80,tcp,-,0.00399,0,0,REJ,0,1,48,1,40,-,0,0,0,-,-,-,-,-,-,-,-,-,-,-,-,-,-,-,0,0,0,-,-,-,-,-,-,1,backdoor
1556485576,192.168.1.193,57148,192.168.1.33,8080,tcp,-,9.8e-05,0,0,REJ,0,1,48,1,40,-,0,0,0,-,-,-,-,-,-,-,-,-,-,-,-,-,-,-,0,0,0,-,-,-,-,-,-,1,backdoor
1556485576,192.168.1.193,57150,192.168.1.33,8080,tcp,-,0.000237,0,0,REJ,0,1,48,1,40,-,0,0,0,-,-,-,-,-,-,-,-,-,-,-,-,-,-,-,0,0,0,-,-,-,-,-,-,1,backdoor
1556485576,192.168.1.193,57150,192.168.1.33,8080,tcp,-,9.4e-05,0,0,REJ,0,1,48,1,40,-,0,0,0,-,-,-,-,-,-,-,-,-,-,-,-,-,-,-,0,0,0,-,-,-,-,-,-,1,backdoor
1556485576,192.168.1.193,57148,192.168.1.33,8080,tcp,-,8.2e-05,0,0,REJ,0,1,48,1,40,-,0,0,0,-,-,-,-,-,-,-,-,-,-,-,-,-,-,-,0,0,0,-,-,-,-,-,-,1,backdoor
1556485576,192.168.1.193,57149,192.168.1.33,80,tcp,-,0.000197,0,0,REJ,0,1,48,1,40,-,0,0,0,-,-,-,-,-,-,-,-,-,-,-,-,-,-,-,0,0,0,-,-,-,-,-,-,1,backdoor
1556485577,192.168.1.193,57150,192.168.1.33,8080,tcp,-,9.8e-05,0,0,REJ,0,1,48,1,40,-,0,0,0,-,-,-,-,-,-,-,-,-,-,-,-,-,-,-,0,0,0,-,-,-,-,-,-,1,backdoor
1556485577,192.168.1.193,57150,192.168.1.33,8080,tcp,-,0.000216,0,0,REJ,0,1,48,1,40,-,0,0,0,-,-,-,-,-,-,-,-,-,-,-,-,-,-,-,0,0,0,-,-,-,-,-,-,1,backdoor
1556485577,192.168.1.193,57150,192.168.1.33,8080,tcp,-,7.4e-05,0,0,REJ,0,1,48,1,40,-,0,0,0,-,-,-,-,-,-,-,-,-,-,-,-,-,-,-,0,0,0,-,-,-,-,-,-,1,backdoor
1556485578,192.168.1.193,57150,192.168.1.33,8080,tcp,-,0.000226,0,0,REJ,0,1,48,1,40,-,0,0,0,-,-,-,-,-,-,-,-,-,-,-,-,-,-,-,0,0,0,-,-,-,-,-,-,1,backdoor
1556485578,192.168.1.193,57150,192.168.1.33,8080,tcp,-,0.000181,0,0,REJ,0,1,48,1,40,-,0,0,0,-,-,-,-,-,-,-,-,-,-,-,-,-,-,-,0,0,0,-,-,-,-,-,-,1,backdoor
1556485578,192.168.1.193,57150,192.168.1.33,8080,tcp,-,0.000207,0,0,REJ,0,1,48,1,40,-,0,0,0,-,-,-,-,-,-,-,-,-,-,-,-,-,-,-,0,0,0,-,-,-,-,-,-,1,backdoor
1556485579,192.168.1.193,57150,192.168.1.33,8080,tcp,-,0.000112,0,0,REJ,0,1,48,1,40,-,0,0,0,-,-,-,-,-,-,-,-,-,-,-,-,-,-,-,0,0,0,-,-,-,-,-,-,1,backdoor
1556485579,192.168.1.193,57152,192.168.1.33,80,tcp,-,0.000135,0,0,REJ,0,1,48,1,40,-,0,0,0,-,-,-,-,-,-,-,-,-,-,-,-,-,-,-,0,0,0,-,-,-,-,-,-,1,backdoor
1556485579,192.168.1.193,57150,192.168.1.33,8080,tcp,-,7.6e-05,0,0,REJ,0,1,48,1,40,-,0,0,0,-,-,-,-,-,-,-,-,-,-,-,-,-,-,-,0,0,0,-,-,-,-,-,-,1,backdoor
1556485579,192.168.1.193,57150,192.168.1.33,8080,tcp,-,0.000181,0,0,REJ,0,1,48,1,40,-,0,0,0,-,-,-,-,-,-,-,-,-,-,-,-,-,-,-,0,0,0,-,-,-,-,-,-,1,backdoor
1556485579,192.168.1.193,57151,192.168.1.33,8080,tcp,-,9.6e-05,0,0,REJ,0,1,48,1,40,-,0,0,0,-,-,-,-,-,-,-,-,-,-,-,-,-,-,-,0,0,0,-,-,-,-,-,-,1,backdoor
1556485580,192.168.1.193,57152,192.168.1.33,80,tcp,-,0.000157,0,0,REJ,0,1,48,1,40,-,0,0,0,-,-,-,-,-,-,-,-,-,-,-,-,-,-,-,0,0,0,-,-,-,-,-,-,1,backdoor
1556485580,192.168.1.193,57151,192.168.1.33,8080,tcp,-,0.000437,0,0,REJ,0,1,48,1,40,-,0,0,0,-,-,-,-,-,-,-,-,-,-,-,-,-,-,-,0,0,0,-,-,-,-,-,-,1,backdoor
1556485580,192.168.1.193,57150,192.168.1.33,8080,tcp,-,0.000146,0,0,REJ,0,1,48,1,40,-,0,0,0,-,-,-,-,-,-,-,-,-,-,-,-,-,-,-,0,0,0,-,-,-,-,-,-,1,backdoor
1556485580,192.168.1.193,57152,192.168.1.33,80,tcp,-,0.000153,0,0,REJ,0,1,48,1,40,-,0,0,0,-,-,-,-,-,-,-,-,-,-,-,-,-,-,-,0,0,0,-,-,-,-,-,-,1,backdoor
1556485580,192.168.1.193,57151,192.168.1.33,8080,tcp,-,9.3e-05,0,0,REJ,0,1,48,1,40,-,0,0,0,-,-,-,-,-,-,-,-,-,-,-,-,-,-,-,0,0,0,-,-,-,-,-,-,1,backdoor
1556485580,192.168.1.193,57151,192.168.1.33,8080,tcp,-,2e-05,0,0,REJ,0,1,48,1,40,-,0,0,0,-,-,-,-,-,-,-,-,-,-,-,-,-,-,-,0,0,0,-,-,-,-,-,-,1,backdoor
1556485580,192.168.1.193,57152,192.168.1.33,80,tcp,-,1.8e-05,0,0,REJ,0,1,48,1,40,-,0,0,0,-,-,-,-,-,-,-,-,-,-,-,-,-,-,-,0,0,0,-,-,-,-,-,-,1,backdoor
1556485581,192.168.1.193,57150,192.168.1.33,8080,tcp,-,0.000253,0,0,REJ,0,1,48,1,40,-,0,0,0,-,-,-,-,-,-,-,-,-,-,-,-,-,-,-,0,0,0,-,-,-,-,-,-,1,backdoor
1556485581,192.168.1.193,57150,192.168.1.33,8080,tcp,-,0.000113,0,0,REJ,0,1,48,1,40,-,0,0,0,-,-,-,-,-,-,-,-,-,-,-,-,-,-,-,0,0,0,-,-,-,-,-,-,1,backdoor
1556485581,192.168.1.193,57150,192.168.1.33,8080,tcp,-,7.5e-05,0,0,REJ,0,1,48,1,40,-,0,0,0,-,-,-,-,-,-,-,-,-,-,-,-,-,-,-,0,0,0,-,-,-,-,-,-,1,backdoor
1556485581,192.168.1.193,57152,192.168.1.33,80,tcp,-,0.000258,0,0,REJ,0,1,48,1,40,-,0,0,0,-,-,-,-,-,-,-,-,-,-,-,-,-,-,-,0,0,0,-,-,-,-,-,-,1,backdoor
1556485581,192.168.1.193,57151,192.168.1.33,8080,tcp,-,0.000247,0,0,REJ,0,1,48,1,40,-,0,0,0,-,-,-,-,-,-,-,-,-,-,-,-,-,-,-,0,0,0,-,-,-,-,-,-,1,backdoor
1556485581,192.168.1.193,57151,192.168.1.33,8080,tcp,-,0.000104,0,0,REJ,0,1,48,1,40,-,0,0,0,-,-,-,-,-,-,-,-,-,-,-,-,-,-,-,0,0,0,-,-,-,-,-,-,1,backdoor
1556485581,192.168.1.193,57151,192.168.1.33,8080,tcp,-,0.00019,0,0,REJ,0,1,48,1,40,-,0,0,0,-,-,-,-,-,-,-,-,-,-,-,-,-,-,-,0,0,0,-,-,-,-,-,-,1,backdoor
1556485581,192.168.1.193,57152,192.168.1.33,80,tcp,-,0.000185,0,0,REJ,0,1,48,1,40,-,0,0,0,-,-,-,-,-,-,-,-,-,-,-,-,-,-,-,0,0,0,-,-,-,-,-,-,1,backdoor
1556485581,192.168.1.193,57152,192.168.1.33,80,tcp,-,0.000232,0,0,REJ,0,1,48,1,40,-,0,0,0,-,-,-,-,-,-,-,-,-,-,-,-,-,-,-,0,0,0,-,-,-,-,-,-,1,backdoor
1556485582,192.168.1.193,57151,192.168.1.33,8080,tcp,-,0.000222,0,0,REJ,0,1,48,1,40,-,0,0,0,-,-,-,-,-,-,-,-,-,-,-,-,-,-,-,0,0,0,-,-,-,-,-,-,1,backdoor
1556485582,192.168.1.193,57152,192.168.1.33,80,tcp,-,0.000232,0,0,REJ,0,1,48,1,40,-,0,0,0,-,-,-,-,-,-,-,-,-,-,-,-,-,-,-,0,0,0,-,-,-,-,-,-,1,backdoor
1556485582,192.168.1.193,57152,192.168.1.33,80,tcp,-,0.000174,0,0,REJ,0,1,48,1,40,-,0,0,0,-,-,-,-,-,-,-,-,-,-,-,-,-,-,-,0,0,0,-,-,-,-,-,-,1,backdoor
1556485582,192.168.1.193,57151,192.168.1.33,8080,tcp,-,0.000166,0,0,REJ,0,1,48,1,40,-,0,0,0,-,-,-,-,-,-,-,-,-,-,-,-,-,-,-,0,0,0,-,-,-,-,-,-,1,backdoor
1556485582,192.168.1.193,57151,192.168.1.33,8080,tcp,-,0.000149,0,0,REJ,0,1,48,1,40,-,0,0,0,-,-,-,-,-,-,-,-,-,-,-,-,-,-,-,0,0,0,-,-,-,-,-,-,1,backdoor
1556485582,192.168.1.193,57150,192.168.1.33,8080,tcp,-,0.000261,0,0,REJ,0,1,48,1,40,-,0,0,0,-,-,-,-,-,-,-,-,-,-,-,-,-,-,-,0,0,0,-,-,-,-,-,-,1,backdoor
1556485582,192.168.1.193,57152,192.168.1.33,80,tcp,-,6.5e-05,0,0,REJ,0,1,48,1,40,-,0,0,0,-,-,-,-,-,-,-,-,-,-,-,-,-,-,-,0,0,0,-,-,-,-,-,-,1,backdoor
1556485582,192.168.1.193,57150,192.168.1.33,8080,tcp,-,0.000197,0,0,REJ,0,1,48,1,40,-,0,0,0,-,-,-,-,-,-,-,-,-,-,-,-,-,-,-,0,0,0,-,-,-,-,-,-,1,backdoor
1556485582,192.168.1.193,57150,192.168.1.33,8080,tcp,-,0.000135,0,0,REJ,0,1,48,1,40,-,0,0,0,-,-,-,-,-,-,-,-,-,-,-,-,-,-,-,0,0,0,-,-,-,-,-,-,1,backdoor
1556485583,192.168.1.193,57152,192.168.1.33,80,tcp,-,0.00014,0,0,REJ,0,1,48,1,40,-,0,0,0,-,-,-,-,-,-,-,-,-,-,-,-,-,-,-,0,0,0,-,-,-,-,-,-,1,backdoor
1556485583,192.168.1.193,57152,192.168.1.33,80,tcp,-,0.000167,0,0,REJ,0,1,48,1,40,-,0,0,0,-,-,-,-,-,-,-,-,-,-,-,-,-,-,-,0,0,0,-,-,-,-,-,-,1,backdoor
1556485583,192.168.1.193,57152,192.168.1.33,80,tcp,-,0.000112,0,0,REJ,0,1,48,1,40,-,0,0,0,-,-,-,-,-,-,-,-,-,-,-,-,-,-,-,0,0,0,-,-,-,-,-,-,1,backdoor
1556485583,192.168.1.193,57151,192.168.1.33,8080,tcp,-,9.5e-05,0,0,REJ,0,1,48,1,40,-,0,0,0,-,-,-,-,-,-,-,-,-,-,-,-,-,-,-,0,0,0,-,-,-,-,-,-,1,backdoor
1556485583,192.168.1.193,57151,192.168.1.33,8080,tcp,-,7.8e-05,0,0,REJ,0,1,48,1,40,-,0,0,0,-,-,-,-,-,-,-,-,-,-,-,-,-,-,-,0,0,0,-,-,-,-,-,-,1,backdoor
1556485583,192.168.1.193,57150,192.168.1.33,8080,tcp,-,9.7e-05,0,0,REJ,0,1,48,1,40,-,0,0,0,-,-,-,-,-,-,-,-,-,-,-,-,-,-,-,0,0,0,-,-,-,-,-,-,1,backdoor
1556485583,192.168.1.193,57150,192.168.1.33,8080,tcp,-,5.9e-05,0,0,REJ,0,1,48,1,40,-,0,0,0,-,-,-,-,-,-,-,-,-,-,-,-,-,-,-,0,0,0,-,-,-,-,-,-,1,backdoor
1556485583,192.168.1.193,57151,192.168.1.33,8080,tcp,-,1.7e-05,0,0,REJ,0,1,48,1,40,-,0,0,0,-,-,-,-,-,-,-,-,-,-,-,-,-,-,-,0,0,0,-,-,-,-,-,-,1,backdoor
1556485583,192.168.1.193,57150,192.168.1.33,8080,tcp,-,8.5e-05,0,0,REJ,0,1,48,1,40,-,0,0,0,-,-,-,-,-,-,-,-,-,-,-,-,-,-,-,0,0,0,-,-,-,-,-,-,1,backdoor
1556485584,192.168.1.193,57151,192.168.1.33,8080,tcp,-,8.4e-05,0,0,REJ,0,1,48,1,40,-,0,0,0,-,-,-,-,-,-,-,-,-,-,-,-,-,-,-,0,0,0,-,-,-,-,-,-,1,backdoor
1556485584,192.168.1.193,57152,192.168.1.33,80,tcp,-,0.001429,0,0,REJ,0,1,48,1,40,-,0,0,0,-,-,-,-,-,-,-,-,-,-,-,-,-,-,-,0,0,0,-,-,-,-,-,-,1,backdoor
1556485584,192.168.1.193,57150,192.168.1.33,8080,tcp,-,0.000157,0,0,REJ,0,1,48,1,40,-,0,0,0,-,-,-,-,-,-,-,-,-,-,-,-,-,-,-,0,0,0,-,-,-,-,-,-,1,backdoor
1556485584,192.168.1.193,57152,192.168.1.33,80,tcp,-,0.000168,0,0,REJ,0,1,48,1,40,-,0,0,0,-,-,-,-,-,-,-,-,-,-,-,-,-,-,-,0,0,0,-,-,-,-,-,-,1,backdoor
1556485584,192.168.1.193,57151,192.168.1.33,8080,tcp,-,9.8e-05,0,0,REJ,0,1,48,1,40,-,0,0,0,-,-,-,-,-,-,-,-,-,-,-,-,-,-,-,0,0,0,-,-,-,-,-,-,1,backdoor
1556485584,192.168.1.193,57151,192.168.1.33,8080,tcp,-,0.000128,0,0,REJ,0,1,48,1,40,-,0,0,0,-,-,-,-,-,-,-,-,-,-,-,-,-,-,-,0,0,0,-,-,-,-,-,-,1,backdoor
1556485584,192.168.1.193,57152,192.168.1.33,80,tcp,-,0.000126,0,0,REJ,0,1,48,1,40,-,0,0,0,-,-,-,-,-,-,-,-,-,-,-,-,-,-,-,0,0,0,-,-,-,-,-,-,1,backdoor
1556485584,192.168.1.193,57150,192.168.1.33,8080,tcp,-,0.000147,0,0,REJ,0,1,48,1,40,-,0,0,0,-,-,-,-,-,-,-,-,-,-,-,-,-,-,-,0,0,0,-,-,-,-,-,-,1,backdoor
1556485584,192.168.1.193,57150,192.168.1.33,8080,tcp,-,7.2e-05,0,0,REJ,0,1,48,1,40,-,0,0,0,-,-,-,-,-,-,-,-,-,-,-,-,-,-,-,0,0,0,-,-,-,-,-,-,1,backdoor
1556485585,192.168.1.193,57150,192.168.1.33,8080,tcp,-,0.000176,0,0,REJ,0,1,48,1,40,-,0,0,0,-,-,-,-,-,-,-,-,-,-,-,-,-,-,-,0,0,0,-,-,-,-,-,-,1,backdoor
1556485585,192.168.1.193,57152,192.168.1.33,80,tcp,-,0.000191,0,0,REJ,0,1,48,1,40,-,0,0,0,-,-,-,-,-,-,-,-,-,-,-,-,-,-,-,0,0,0,-,-,-,-,-,-,1,backdoor
1556485585,192.168.1.193,57151,192.168.1.33,8080,tcp,-,7e-05,0,0,REJ,0,1,48,1,40,-,0,0,0,-,-,-,-,-,-,-,-,-,-,-,-,-,-,-,0,0,0,-,-,-,-,-,-,1,backdoor
1556485585,192.168.1.193,57151,192.168.1.33,8080,tcp,-,0.000139,0,0,REJ,0,1,48,1,40,-,0,0,0,-,-,-,-,-,-,-,-,-,-,-,-,-,-,-,0,0,0,-,-,-,-,-,-,1,backdoor
1556485585,192.168.1.193,57151,192.168.1.33,8080,tcp,-,7e-06,0,0,REJ,0,1,48,1,40,-,0,0,0,-,-,-,-,-,-,-,-,-,-,-,-,-,-,-,0,0,0,-,-,-,-,-,-,1,backdoor
1556485585,192.168.1.193,57152,192.168.1.33,80,tcp,-,0.000171,0,0,REJ,0,1,48,1,40,-,0,0,0,-,-,-,-,-,-,-,-,-,-,-,-,-,-,-,0,0,0,-,-,-,-,-,-,1,backdoor
1556485585,192.168.1.193,57152,192.168.1.33,80,tcp,-,0.000108,0,0,REJ,0,1,48,1,40,-,0,0,0,-,-,-,-,-,-,-,-,-,-,-,-,-,-,-,0,0,0,-,-,-,-,-,-,1,backdoor
1556485586,192.168.1.193,57151,192.168.1.33,8080,tcp,-,0.000166,0,0,REJ,0,1,48,1,40,-,0,0,0,-,-,-,-,-,-,-,-,-,-,-,-,-,-,-,0,0,0,-,-,-,-,-,-,1,backdoor
1556485586,192.168.1.193,57152,192.168.1.33,80,tcp,-,7.6e-05,0,0,REJ,0,1,48,1,40,-,0,0,0,-,-,-,-,-,-,-,-,-,-,-,-,-,-,-,0,0,0,-,-,-,-,-,-,1,backdoor
1556485586,192.168.1.193,57152,192.168.1.33,80,tcp,-,0.000323,0,0,REJ,0,1,48,1,40,-,0,0,0,-,-,-,-,-,-,-,-,-,-,-,-,-,-,-,0,0,0,-,-,-,-,-,-,1,backdoor
1556485586,192.168.1.193,57151,192.168.1.33,8080,tcp,-,0.000228,0,0,REJ,0,1,48,1,40,-,0,0,0,-,-,-,-,-,-,-,-,-,-,-,-,-,-,-,0,0,0,-,-,-,-,-,-,1,backdoor
1556485586,192.168.1.193,57152,192.168.1.33,80,tcp,-,0.000556,0,0,REJ,0,1,48,1,40,-,0,0,0,-,-,-,-,-,-,-,-,-,-,-,-,-,-,-,0,0,0,-,-,-,-,-,-,1,backdoor
1556485586,192.168.1.193,57151,192.168.1.33,8080,tcp,-,0.000176,0,0,REJ,0,1,48,1,40,-,0,0,0,-,-,-,-,-,-,-,-,-,-,-,-,-,-,-,0,0,0,-,-,-,-,-,-,1,backdoor
1556485587,192.168.1.193,57151,192.168.1.33,8080,tcp,-,0.000101,0,0,REJ,0,1,48,1,40,-,0,0,0,-,-,-,-,-,-,-,-,-,-,-,-,-,-,-,0,0,0,-,-,-,-,-,-,1,backdoor
1556485587,192.168.1.193,57151,192.168.1.33,8080,tcp,-,9.1e-05,0,0,REJ,0,1,48,1,40,-,0,0,0,-,-,-,-,-,-,-,-,-,-,-,-,-,-,-,0,0,0,-,-,-,-,-,-,1,backdoor
1556485587,192.168.1.193,57152,192.168.1.33,80,tcp,-,0.000102,0,0,REJ,0,1,48,1,40,-,0,0,0,-,-,-,-,-,-,-,-,-,-,-,-,-,-,-,0,0,0,-,-,-,-,-,-,1,backdoor
1556485587,192.168.1.193,57152,192.168.1.33,80,tcp,-,0.000117,0,0,REJ,0,1,48,1,40,-,0,0,0,-,-,-,-,-,-,-,-,-,-,-,-,-,-,-,0,0,0,-,-,-,-,-,-,1,backdoor
1556485587,192.168.1.193,57152,192.168.1.33,80,tcp,-,8.5e-05,0,0,REJ,0,1,48,1,40,-,0,0,0,-,-,-,-,-,-,-,-,-,-,-,-,-,-,-,0,0,0,-,-,-,-,-,-,1,backdoor
1556485587,192.168.1.193,57151,192.168.1.33,8080,tcp,-,8e-05,0,0,REJ,0,1,48,1,40,-,0,0,0,-,-,-,-,-,-,-,-,-,-,-,-,-,-,-,0,0,0,-,-,-,-,-,-,1,backdoor
1556485588,192.168.1.193,57151,192.168.1.33,8080,tcp,-,9.2e-05,0,0,REJ,0,1,48,1,40,-,0,0,0,-,-,-,-,-,-,-,-,-,-,-,-,-,-,-,0,0,0,-,-,-,-,-,-,1,backdoor
1556485588,192.168.1.193,57152,192.168.1.33,80,tcp,-,0.000178,0,0,REJ,0,1,48,1,40,-,0,0,0,-,-,-,-,-,-,-,-,-,-,-,-,-,-,-,0,0,0,-,-,-,-,-,-,1,backdoor
1556485588,192.168.1.193,57151,192.168.1.33,8080,tcp,-,0.002183,0,0,REJ,0,1,48,1,40,-,0,0,0,-,-,-,-,-,-,-,-,-,-,-,-,-,-,-,0,0,0,-,-,-,-,-,-,1,backdoor
1556485588,192.168.1.193,57152,192.168.1.33,80,tcp,-,0.000222,0,0,REJ,0,1,48,1,40,-,0,0,0,-,-,-,-,-,-,-,-,-,-,-,-,-,-,-,0,0,0,-,-,-,-,-,-,1,backdoor
1556485588,192.168.1.193,57151,192.168.1.33,8080,tcp,-,0.000132,0,0,REJ,0,1,48,1,40,-,0,0,0,-,-,-,-,-,-,-,-,-,-,-,-,-,-,-,0,0,0,-,-,-,-,-,-,1,backdoor
1556485588,192.168.1.193,57152,192.168.1.33,80,tcp,-,0.000257,0,0,REJ,0,1,48,1,40,-,0,0,0,-,-,-,-,-,-,-,-,-,-,-,-,-,-,-,0,0,0,-,-,-,-,-,-,1,backdoor
1556485589,192.168.1.193,57151,192.168.1.33,8080,tcp,-,0.000274,0,0,REJ,0,1,48,1,40,-,0,0,0,-,-,-,-,-,-,-,-,-,-,-,-,-,-,-,0,0,0,-,-,-,-,-,-,1,backdoor
1556485589,192.168.1.193,57153,192.168.1.33,8080,tcp,-,9.1e-05,0,0,REJ,0,1,48,1,40,-,0,0,0,-,-,-,-,-,-,-,-,-,-,-,-,-,-,-,0,0,0,-,-,-,-,-,-,1,backdoor
1556485589,192.168.1.193,57151,192.168.1.33,8080,tcp,-,7.1e-05,0,0,REJ,0,1,48,1,40,-,0,0,0,-,-,-,-,-,-,-,-,-,-,-,-,-,-,-,0,0,0,-,-,-,-,-,-,1,backdoor
1556485589,192.168.1.193,57153,192.168.1.33,8080,tcp,-,9.2e-05,0,0,REJ,0,1,48,1,40,-,0,0,0,-,-,-,-,-,-,-,-,-,-,-,-,-,-,-,0,0,0,-,-,-,-,-,-,1,backdoor
1556485589,192.168.1.193,57152,192.168.1.33,80,tcp,-,0.000337,0,0,REJ,0,1,48,1,40,-,0,0,0,-,-,-,-,-,-,-,-,-,-,-,-,-,-,-,0,0,0,-,-,-,-,-,-,1,backdoor
1556485589,192.168.1.193,57152,192.168.1.33,80,tcp,-,1.4e-05,0,0,REJ,0,1,48,1,40,-,0,0,0,-,-,-,-,-,-,-,-,-,-,-,-,-,-,-,0,0,0,-,-,-,-,-,-,1,backdoor
1556485590,192.168.1.193,57153,192.168.1.33,8080,tcp,-,0.000121,0,0,REJ,0,1,48,1,40,-,0,0,0,-,-,-,-,-,-,-,-,-,-,-,-,-,-,-,0,0,0,-,-,-,-,-,-,1,backdoor
1556485590,192.168.1.193,57153,192.168.1.33,8080,tcp,-,0.000238,0,0,REJ,0,1,48,1,40,-,0,0,0,-,-,-,-,-,-,-,-,-,-,-,-,-,-,-,0,0,0,-,-,-,-,-,-,1,backdoor
1556485590,192.168.1.193,57153,192.168.1.33,8080,tcp,-,0.000193,0,0,REJ,0,1,48,1,40,-,0,0,0,-,-,-,-,-,-,-,-,-,-,-,-,-,-,-,0,0,0,-,-,-,-,-,-,1,backdoor
1556485591,192.168.1.193,57153,192.168.1.33,8080,tcp,-,7.2e-05,0,0,REJ,0,1,48,1,40,-,0,0,0,-,-,-,-,-,-,-,-,-,-,-,-,-,-,-,0,0,0,-,-,-,-,-,-,1,backdoor
1556485591,192.168.1.193,57153,192.168.1.33,8080,tcp,-,9.1e-05,0,0,REJ,0,1,48,1,40,-,0,0,0,-,-,-,-,-,-,-,-,-,-,-,-,-,-,-,0,0,0,-,-,-,-,-,-,1,backdoor
1556485591,192.168.1.193,57153,192.168.1.33,8080,tcp,-,0.000186,0,0,REJ,0,1,48,1,40,-,0,0,0,-,-,-,-,-,-,-,-,-,-,-,-,-,-,-,0,0,0,-,-,-,-,-,-,1,backdoor
1556485592,192.168.1.193,57154,192.168.1.33,8080,tcp,-,1.9e-05,0,0,REJ,0,1,48,1,40,-,0,0,0,-,-,-,-,-,-,-,-,-,-,-,-,-,-,-,0,0,0,-,-,-,-,-,-,1,backdoor
1556485592,192.168.1.193,57155,192.168.1.33,80,tcp,-,0.000162,0,0,REJ,0,1,48,1,40,-,0,0,0,-,-,-,-,-,-,-,-,-,-,-,-,-,-,-,0,0,0,-,-,-,-,-,-,1,backdoor
1556485592,192.168.1.193,57153,192.168.1.33,8080,tcp,-,0.000134,0,0,REJ,0,1,48,1,40,-,0,0,0,-,-,-,-,-,-,-,-,-,-,-,-,-,-,-,0,0,0,-,-,-,-,-,-,1,backdoor
1556485592,192.168.1.193,57153,192.168.1.33,8080,tcp,-,0.000271,0,0,REJ,0,1,48,1,40,-,0,0,0,-,-,-,-,-,-,-,-,-,-,-,-,-,-,-,0,0,0,-,-,-,-,-,-,1,backdoor
1556485592,192.168.1.193,57153,192.168.1.33,8080,tcp,-,0.000101,0,0,REJ,0,1,48,1,40,-,0,0,0,-,-,-,-,-,-,-,-,-,-,-,-,-,-,-,0,0,0,-,-,-,-,-,-,1,backdoor
1556485593,192.168.1.193,57153,192.168.1.33,8080,tcp,-,2.5e-05,0,0,REJ,0,1,48,1,40,-,0,0,0,-,-,-,-,-,-,-,-,-,-,-,-,-,-,-,0,0,0,-,-,-,-,-,-,1,backdoor
1556485593,192.168.1.193,57154,192.168.1.33,8080,tcp,-,8.3e-05,0,0,REJ,0,1,48,1,40,-,0,0,0,-,-,-,-,-,-,-,-,-,-,-,-,-,-,-,0,0,0,-,-,-,-,-,-,1,backdoor
1556485593,192.168.1.193,57153,192.168.1.33,8080,tcp,-,0.000226,0,0,REJ,0,1,48,1,40,-,0,0,0,-,-,-,-,-,-,-,-,-,-,-,-,-,-,-,0,0,0,-,-,-,-,-,-,1,backdoor
1556485593,192.168.1.193,57154,192.168.1.33,8080,tcp,-,0.000184,0,0,REJ,0,1,48,1,40,-,0,0,0,-,-,-,-,-,-,-,-,-,-,-,-,-,-,-,0,0,0,-,-,-,-,-,-,1,backdoor
1556485593,192.168.1.193,57154,192.168.1.33,8080,tcp,-,0.000135,0,0,REJ,0,1,48,1,40,-,0,0,0,-,-,-,-,-,-,-,-,-,-,-,-,-,-,-,0,0,0,-,-,-,-,-,-,1,backdoor
1556485593,192.168.1.193,57155,192.168.1.33,80,tcp,-,0.000228,0,0,REJ,0,1,48,1,40,-,0,0,0,-,-,-,-,-,-,-,-,-,-,-,-,-,-,-,0,0,0,-,-,-,-,-,-,1,backdoor
1556485593,192.168.1.193,57153,192.168.1.33,8080,tcp,-,0.000103,0,0,REJ,0,1,48,1,40,-,0,0,0,-,-,-,-,-,-,-,-,-,-,-,-,-,-,-,0,0,0,-,-,-,-,-,-,1,backdoor
1556485594,192.168.1.193,57154,192.168.1.33,8080,tcp,-,6.9e-05,0,0,REJ,0,1,48,1,40,-,0,0,0,-,-,-,-,-,-,-,-,-,-,-,-,-,-,-,0,0,0,-,-,-,-,-,-,1,backdoor
1556485594,192.168.1.193,57153,192.168.1.33,8080,tcp,-,0.000128,0,0,REJ,0,1,48,1,40,-,0,0,0,-,-,-,-,-,-,-,-,-,-,-,-,-,-,-,0,0,0,-,-,-,-,-,-,1,backdoor
1556485594,192.168.1.193,57153,192.168.1.33,8080,tcp,-,0.000206,0,0,REJ,0,1,48,1,40,-,0,0,0,-,-,-,-,-,-,-,-,-,-,-,-,-,-,-,0,0,0,-,-,-,-,-,-,1,backdoor
1556485594,192.168.1.193,57155,192.168.1.33,80,tcp,-,0.000278,0,0,REJ,0,1,48,1,40,-,0,0,0,-,-,-,-,-,-,-,-,-,-,-,-,-,-,-,0,0,0,-,-,-,-,-,-,1,backdoor
1556485594,192.168.1.193,57154,192.168.1.33,8080,tcp,-,0.000143,0,0,REJ,0,1,48,1,40,-,0,0,0,-,-,-,-,-,-,-,-,-,-,-,-,-,-,-,0,0,0,-,-,-,-,-,-,1,backdoor
1556485594,192.168.1.193,57155,192.168.1.33,80,tcp,-,0.000103,0,0,REJ,0,1,48,1,40,-,0,0,0,-,-,-,-,-,-,-,-,-,-,-,-,-,-,-,0,0,0,-,-,-,-,-,-,1,backdoor
1556485594,192.168.1.193,57155,192.168.1.33,80,tcp,-,7e-05,0,0,REJ,0,1,48,1,40,-,0,0,0,-,-,-,-,-,-,-,-,-,-,-,-,-,-,-,0,0,0,-,-,-,-,-,-,1,backdoor
1556485594,192.168.1.193,57154,192.168.1.33,8080,tcp,-,8.6e-05,0,0,REJ,0,1,48,1,40,-,0,0,0,-,-,-,-,-,-,-,-,-,-,-,-,-,-,-,0,0,0,-,-,-,-,-,-,1,backdoor
1556485594,192.168.1.193,57153,192.168.1.33,8080,tcp,-,0.000241,0,0,REJ,0,1,48,1,40,-,0,0,0,-,-,-,-,-,-,-,-,-,-,-,-,-,-,-,0,0,0,-,-,-,-,-,-,1,backdoor
1556485595,192.168.1.193,57154,192.168.1.33,8080,tcp,-,9.6e-05,0,0,REJ,0,1,48,1,40,-,0,0,0,-,-,-,-,-,-,-,-,-,-,-,-,-,-,-,0,0,0,-,-,-,-,-,-,1,backdoor
1556485595,192.168.1.193,57153,192.168.1.33,8080,tcp,-,0.000144,0,0,REJ,0,1,48,1,40,-,0,0,0,-,-,-,-,-,-,-,-,-,-,-,-,-,-,-,0,0,0,-,-,-,-,-,-,1,backdoor
1556485595,192.168.1.193,57154,192.168.1.33,8080,tcp,-,0.009374,0,0,REJ,0,1,48,1,40,-,0,0,0,-,-,-,-,-,-,-,-,-,-,-,-,-,-,-,0,0,0,-,-,-,-,-,-,1,backdoor
1556485595,192.168.1.193,57154,192.168.1.33,8080,tcp,-,0.000195,0,0,REJ,0,1,48,1,40,-,0,0,0,-,-,-,-,-,-,-,-,-,-,-,-,-,-,-,0,0,0,-,-,-,-,-,-,1,backdoor
1556485595,192.168.1.193,57155,192.168.1.33,80,tcp,-,0.000131,0,0,REJ,0,1,48,1,40,-,0,0,0,-,-,-,-,-,-,-,-,-,-,-,-,-,-,-,0,0,0,-,-,-,-,-,-,1,backdoor
1556485595,192.168.1.193,57155,192.168.1.33,80,tcp,-,0.00024,0,0,REJ,0,1,48,1,40,-,0,0,0,-,-,-,-,-,-,-,-,-,-,-,-,-,-,-,0,0,0,-,-,-,-,-,-,1,backdoor
1556485595,192.168.1.193,57155,192.168.1.33,80,tcp,-,0.000282,0,0,REJ,0,1,48,1,40,-,0,0,0,-,-,-,-,-,-,-,-,-,-,-,-,-,-,-,0,0,0,-,-,-,-,-,-,1,backdoor
1556485595,192.168.1.193,57153,192.168.1.33,8080,tcp,-,0.000175,0,0,REJ,0,1,48,1,40,-,0,0,0,-,-,-,-,-,-,-,-,-,-,-,-,-,-,-,0,0,0,-,-,-,-,-,-,1,backdoor
1556485595,192.168.1.193,57153,192.168.1.33,8080,tcp,-,0.000116,0,0,REJ,0,1,48,1,40,-,0,0,0,-,-,-,-,-,-,-,-,-,-,-,-,-,-,-,0,0,0,-,-,-,-,-,-,1,backdoor
1556485596,192.168.1.193,57153,192.168.1.33,8080,tcp,-,0.000172,0,0,REJ,0,1,48,1,40,-,0,0,0,-,-,-,-,-,-,-,-,-,-,-,-,-,-,-,0,0,0,-,-,-,-,-,-,1,backdoor
1556485596,192.168.1.193,57154,192.168.1.33,8080,tcp,-,0.0002,0,0,REJ,0,1,48,1,40,-,0,0,0,-,-,-,-,-,-,-,-,-,-,-,-,-,-,-,0,0,0,-,-,-,-,-,-,1,backdoor
1556485596,192.168.1.193,57154,192.168.1.33,8080,tcp,-,0.000199,0,0,REJ,0,1,48,1,40,-,0,0,0,-,-,-,-,-,-,-,-,-,-,-,-,-,-,-,0,0,0,-,-,-,-,-,-,1,backdoor
1556485596,192.168.1.193,57153,192.168.1.33,8080,tcp,-,0.000134,0,0,REJ,0,1,48,1,40,-,0,0,0,-,-,-,-,-,-,-,-,-,-,-,-,-,-,-,0,0,0,-,-,-,-,-,-,1,backdoor
1556485596,192.168.1.193,57155,192.168.1.33,80,tcp,-,0.000216,0,0,REJ,0,1,48,1,40,-,0,0,0,-,-,-,-,-,-,-,-,-,-,-,-,-,-,-,0,0,0,-,-,-,-,-,-,1,backdoor
1556485596,192.168.1.193,57155,192.168.1.33,80,tcp,-,0.000223,0,0,REJ,0,1,48,1,40,-,0,0,0,-,-,-,-,-,-,-,-,-,-,-,-,-,-,-,0,0,0,-,-,-,-,-,-,1,backdoor
1556485596,192.168.1.193,57153,192.168.1.33,8080,tcp,-,0.000194,0,0,REJ,0,1,48,1,40,-,0,0,0,-,-,-,-,-,-,-,-,-,-,-,-,-,-,-,0,0,0,-,-,-,-,-,-,1,backdoor
1556485596,192.168.1.193,57155,192.168.1.33,80,tcp,-,1.1e-05,0,0,REJ,0,1,48,1,40,-,0,0,0,-,-,-,-,-,-,-,-,-,-,-,-,-,-,-,0,0,0,-,-,-,-,-,-,1,backdoor
1556485596,192.168.1.193,57154,192.168.1.33,8080,tcp,-,0.000133,0,0,REJ,0,1,48,1,40,-,0,0,0,-,-,-,-,-,-,-,-,-,-,-,-,-,-,-,0,0,0,-,-,-,-,-,-,1,backdoor
1556485597,192.168.1.193,57154,192.168.1.33,8080,tcp,-,0.000187,0,0,REJ,0,1,48,1,40,-,0,0,0,-,-,-,-,-,-,-,-,-,-,-,-,-,-,-,0,0,0,-,-,-,-,-,-,1,backdoor
1556485597,192.168.1.193,57153,192.168.1.33,8080,tcp,-,3.8e-05,0,0,REJ,0,1,48,1,40,-,0,0,0,-,-,-,-,-,-,-,-,-,-,-,-,-,-,-,0,0,0,-,-,-,-,-,-,1,backdoor
1556485597,192.168.1.193,57155,192.168.1.33,80,tcp,-,0.000167,0,0,REJ,0,1,48,1,40,-,0,0,0,-,-,-,-,-,-,-,-,-,-,-,-,-,-,-,0,0,0,-,-,-,-,-,-,1,backdoor
1556485597,192.168.1.193,57153,192.168.1.33,8080,tcp,-,0.00018,0,0,REJ,0,1,48,1,40,-,0,0,0,-,-,-,-,-,-,-,-,-,-,-,-,-,-,-,0,0,0,-,-,-,-,-,-,1,backdoor
1556485597,192.168.1.193,57154,192.168.1.33,8080,tcp,-,9.7e-05,0,0,REJ,0,1,48,1,40,-,0,0,0,-,-,-,-,-,-,-,-,-,-,-,-,-,-,-,0,0,0,-,-,-,-,-,-,1,backdoor
1556485597,192.168.1.193,57153,192.168.1.33,8080,tcp,-,1.5e-05,0,0,REJ,0,1,48,1,40,-,0,0,0,-,-,-,-,-,-,-,-,-,-,-,-,-,-,-,0,0,0,-,-,-,-,-,-,1,backdoor
1556485597,192.168.1.193,57154,192.168.1.33,8080,tcp,-,0.000133,0,0,REJ,0,1,48,1,40,-,0,0,0,-,-,-,-,-,-,-,-,-,-,-,-,-,-,-,0,0,0,-,-,-,-,-,-,1,backdoor
1556485597,192.168.1.193,57155,192.168.1.33,80,tcp,-,0.000225,0,0,REJ,0,1,48,1,40,-,0,0,0,-,-,-,-,-,-,-,-,-,-,-,-,-,-,-,0,0,0,-,-,-,-,-,-,1,backdoor
1556485597,192.168.1.193,57155,192.168.1.33,80,tcp,-,5.7e-05,0,0,REJ,0,1,48,1,40,-,0,0,0,-,-,-,-,-,-,-,-,-,-,-,-,-,-,-,0,0,0,-,-,-,-,-,-,1,backdoor
1556485598,192.168.1.193,57155,192.168.1.33,80,tcp,-,0.000102,0,0,REJ,0,1,48,1,40,-,0,0,0,-,-,-,-,-,-,-,-,-,-,-,-,-,-,-,0,0,0,-,-,-,-,-,-,1,backdoor
1556485598,192.168.1.193,57153,192.168.1.33,8080,tcp,-,0.000114,0,0,REJ,0,1,48,1,40,-,0,0,0,-,-,-,-,-,-,-,-,-,-,-,-,-,-,-,0,0,0,-,-,-,-,-,-,1,backdoor
1556485598,192.168.1.193,57155,192.168.1.33,80,tcp,-,0.000249,0,0,REJ,0,1,48,1,40,-,0,0,0,-,-,-,-,-,-,-,-,-,-,-,-,-,-,-,0,0,0,-,-,-,-,-,-,1,backdoor
1556485598,192.168.1.193,57155,192.168.1.33,80,tcp,-,0.00016,0,0,REJ,0,1,48,1,40,-,0,0,0,-,-,-,-,-,-,-,-,-,-,-,-,-,-,-,0,0,0,-,-,-,-,-,-,1,backdoor
1556485598,192.168.1.193,57153,192.168.1.33,8080,tcp,-,0.000216,0,0,REJ,0,1,48,1,40,-,0,0,0,-,-,-,-,-,-,-,-,-,-,-,-,-,-,-,0,0,0,-,-,-,-,-,-,1,backdoor
1556485598,192.168.1.193,57154,192.168.1.33,8080,tcp,-,6.3e-05,0,0,REJ,0,1,48,1,40,-,0,0,0,-,-,-,-,-,-,-,-,-,-,-,-,-,-,-,0,0,0,-,-,-,-,-,-,1,backdoor
1556485598,192.168.1.193,57154,192.168.1.33,8080,tcp,-,0.010999,0,0,REJ,0,1,48,1,40,-,0,0,0,-,-,-,-,-,-,-,-,-,-,-,-,-,-,-,0,0,0,-,-,-,-,-,-,1,backdoor
1556485598,192.168.1.193,57153,192.168.1.33,8080,tcp,-,0.000145,0,0,REJ,0,1,48,1,40,-,0,0,0,-,-,-,-,-,-,-,-,-,-,-,-,-,-,-,0,0,0,-,-,-,-,-,-,1,backdoor
1556485598,192.168.1.193,57154,192.168.1.33,8080,tcp,-,0.000104,0,0,REJ,0,1,48,1,40,-,0,0,0,-,-,-,-,-,-,-,-,-,-,-,-,-,-,-,0,0,0,-,-,-,-,-,-,1,backdoor
1556485599,192.168.1.193,57154,192.168.1.33,8080,tcp,-,0.0002,0,0,REJ,0,1,48,1,40,-,0,0,0,-,-,-,-,-,-,-,-,-,-,-,-,-,-,-,0,0,0,-,-,-,-,-,-,1,backdoor
1556485599,192.168.1.193,57154,192.168.1.33,8080,tcp,-,7.4e-05,0,0,REJ,0,1,48,1,40,-,0,0,0,-,-,-,-,-,-,-,-,-,-,-,-,-,-,-,0,0,0,-,-,-,-,-,-,1,backdoor
1556485599,192.168.1.193,57155,192.168.1.33,80,tcp,-,0.001981,0,0,REJ,0,1,48,1,40,-,0,0,0,-,-,-,-,-,-,-,-,-,-,-,-,-,-,-,0,0,0,-,-,-,-,-,-,1,backdoor
1556485599,192.168.1.193,57154,192.168.1.33,8080,tcp,-,0.000167,0,0,REJ,0,1,48,1,40,-,0,0,0,-,-,-,-,-,-,-,-,-,-,-,-,-,-,-,0,0,0,-,-,-,-,-,-,1,backdoor
1556485599,192.168.1.193,57153,192.168.1.33,8080,tcp,-,8.9e-05,0,0,REJ,0,1,48,1,40,-,0,0,0,-,-,-,-,-,-,-,-,-,-,-,-,-,-,-,0,0,0,-,-,-,-,-,-,1,backdoor
1556485599,192.168.1.193,57155,192.168.1.33,80,tcp,-,0.000137,0,0,REJ,0,1,48,1,40,-,0,0,0,-,-,-,-,-,-,-,-,-,-,-,-,-,-,-,0,0,0,-,-,-,-,-,-,1,backdoor
1556485599,192.168.1.193,57155,192.168.1.33,80,tcp,-,0.00018,0,0,REJ,0,1,48,1,40,-,0,0,0,-,-,-,-,-,-,-,-,-,-,-,-,-,-,-,0,0,0,-,-,-,-,-,-,1,backdoor
1556485600,192.168.1.193,57154,192.168.1.33,8080,tcp,-,0.000161,0,0,REJ,0,1,48,1,40,-,0,0,0,-,-,-,-,-,-,-,-,-,-,-,-,-,-,-,0,0,0,-,-,-,-,-,-,1,backdoor
1556485600,192.168.1.193,57154,192.168.1.33,8080,tcp,-,0.000214,0,0,REJ,0,1,48,1,40,-,0,0,0,-,-,-,-,-,-,-,-,-,-,-,-,-,-,-,0,0,0,-,-,-,-,-,-,1,backdoor
1556485600,192.168.1.193,57155,192.168.1.33,80,tcp,-,0.000144,0,0,REJ,0,1,48,1,40,-,0,0,0,-,-,-,-,-,-,-,-,-,-,-,-,-,-,-,0,0,0,-,-,-,-,-,-,1,backdoor
1556485600,192.168.1.193,57154,192.168.1.33,8080,tcp,-,1.7e-05,0,0,REJ,0,1,48,1,40,-,0,0,0,-,-,-,-,-,-,-,-,-,-,-,-,-,-,-,0,0,0,-,-,-,-,-,-,1,backdoor
1556485600,192.168.1.193,57155,192.168.1.33,80,tcp,-,0.000109,0,0,REJ,0,1,48,1,40,-,0,0,0,-,-,-,-,-,-,-,-,-,-,-,-,-,-,-,0,0,0,-,-,-,-,-,-,1,backdoor
1556485600,192.168.1.193,57155,192.168.1.33,80,tcp,-,0.000114,0,0,REJ,0,1,48,1,40,-,0,0,0,-,-,-,-,-,-,-,-,-,-,-,-,-,-,-,0,0,0,-,-,-,-,-,-,1,backdoor
1556485601,192.168.1.193,57154,192.168.1.33,8080,tcp,-,0.000101,0,0,REJ,0,1,48,1,40,-,0,0,0,-,-,-,-,-,-,-,-,-,-,-,-,-,-,-,0,0,0,-,-,-,-,-,-,1,backdoor
1556485601,192.168.1.193,57155,192.168.1.33,80,tcp,-,0.000118,0,0,REJ,0,1,48,1,40,-,0,0,0,-,-,-,-,-,-,-,-,-,-,-,-,-,-,-,0,0,0,-,-,-,-,-,-,1,backdoor
1556485601,192.168.1.193,57155,192.168.1.33,80,tcp,-,0.00017,0,0,REJ,0,1,48,1,40,-,0,0,0,-,-,-,-,-,-,-,-,-,-,-,-,-,-,-,0,0,0,-,-,-,-,-,-,1,backdoor
1556485601,192.168.1.193,57155,192.168.1.33,80,tcp,-,0.000104,0,0,REJ,0,1,48,1,40,-,0,0,0,-,-,-,-,-,-,-,-,-,-,-,-,-,-,-,0,0,0,-,-,-,-,-,-,1,backdoor
1556485602,192.168.1.193,57155,192.168.1.33,80,tcp,-,6.4e-05,0,0,REJ,0,1,48,1,40,-,0,0,0,-,-,-,-,-,-,-,-,-,-,-,-,-,-,-,0,0,0,-,-,-,-,-,-,1,backdoor
1556485602,192.168.1.193,57154,192.168.1.33,8080,tcp,-,0.000119,0,0,REJ,0,1,48,1,40,-,0,0,0,-,-,-,-,-,-,-,-,-,-,-,-,-,-,-,0,0,0,-,-,-,-,-,-,1,backdoor
1556485602,192.168.1.193,57154,192.168.1.33,8080,tcp,-,0.00017,0,0,REJ,0,1,48,1,40,-,0,0,0,-,-,-,-,-,-,-,-,-,-,-,-,-,-,-,0,0,0,-,-,-,-,-,-,1,backdoor
1556485602,192.168.1.193,57155,192.168.1.33,80,tcp,-,8.9e-05,0,0,REJ,0,1,48,1,40,-,0,0,0,-,-,-,-,-,-,-,-,-,-,-,-,-,-,-,0,0,0,-,-,-,-,-,-,1,backdoor
1556485602,192.168.1.193,57154,192.168.1.33,8080,tcp,-,0.000174,0,0,REJ,0,1,48,1,40,-,0,0,0,-,-,-,-,-,-,-,-,-,-,-,-,-,-,-,0,0,0,-,-,-,-,-,-,1,backdoor
1556485602,192.168.1.193,57155,192.168.1.33,80,tcp,-,5.8e-05,0,0,REJ,0,1,48,1,40,-,0,0,0,-,-,-,-,-,-,-,-,-,-,-,-,-,-,-,0,0,0,-,-,-,-,-,-,1,backdoor
1556485603,192.168.1.193,57156,192.168.1.33,8080,tcp,-,0.000136,0,0,REJ,0,1,48,1,40,-,0,0,0,-,-,-,-,-,-,-,-,-,-,-,-,-,-,-,0,0,0,-,-,-,-,-,-,1,backdoor
1556485603,192.168.1.193,57156,192.168.1.33,8080,tcp,-,1.9e-05,0,0,REJ,0,1,48,1,40,-,0,0,0,-,-,-,-,-,-,-,-,-,-,-,-,-,-,-,0,0,0,-,-,-,-,-,-,1,backdoor
1556485603,192.168.1.193,57155,192.168.1.33,80,tcp,-,0.00025,0,0,REJ,0,1,48,1,40,-,0,0,0,-,-,-,-,-,-,-,-,-,-,-,-,-,-,-,0,0,0,-,-,-,-,-,-,1,backdoor
1556485603,192.168.1.193,57154,192.168.1.33,8080,tcp,-,0.000104,0,0,REJ,0,1,48,1,40,-,0,0,0,-,-,-,-,-,-,-,-,-,-,-,-,-,-,-,0,0,0,-,-,-,-,-,-,1,backdoor
1556485604,192.168.1.193,57156,192.168.1.33,8080,tcp,-,0.000108,0,0,REJ,0,1,48,1,40,-,0,0,0,-,-,-,-,-,-,-,-,-,-,-,-,-,-,-,0,0,0,-,-,-,-,-,-,1,backdoor
1556485604,192.168.1.193,57156,192.168.1.33,8080,tcp,-,8.1e-05,0,0,REJ,0,1,48,1,40,-,0,0,0,-,-,-,-,-,-,-,-,-,-,-,-,-,-,-,0,0,0,-,-,-,-,-,-,1,backdoor
1556485604,192.168.1.193,57156,192.168.1.33,8080,tcp,-,7.6e-05,0,0,REJ,0,1,48,1,40,-,0,0,0,-,-,-,-,-,-,-,-,-,-,-,-,-,-,-,0,0,0,-,-,-,-,-,-,1,backdoor
1556485605,192.168.1.193,57156,192.168.1.33,8080,tcp,-,0.000132,0,0,REJ,0,1,48,1,40,-,0,0,0,-,-,-,-,-,-,-,-,-,-,-,-,-,-,-,0,0,0,-,-,-,-,-,-,1,backdoor
1556485605,192.168.1.193,57156,192.168.1.33,8080,tcp,-,0.000133,0,0,REJ,0,1,48,1,40,-,0,0,0,-,-,-,-,-,-,-,-,-,-,-,-,-,-,-,0,0,0,-,-,-,-,-,-,1,backdoor
1556485605,192.168.1.193,57156,192.168.1.33,8080,tcp,-,0.00012,0,0,REJ,0,1,48,1,40,-,0,0,0,-,-,-,-,-,-,-,-,-,-,-,-,-,-,-,0,0,0,-,-,-,-,-,-,1,backdoor
